battery_power,blue,clock_speed,dual_sim,fc,four_g,int_memory,m_dep,mobile_wt,n_cores,pc,px_height,px_width,ram,sc_h,sc_w,talk_time,three_g,touch_screen,wifi,price_range
961,1,1.4,1,0,1,57,0.6,114,8,3,291,1434,2782,18,9,7,1,1,1,2
1218,1,2.8,1,3,0,39,0.8,150,7,14,1122,1746,1667,10,0,12,0,0,0,1
576,1,2.8,0,2,1,10,0.2,184,5,7,513,1438,2938,6,0,5,1,1,1,2
1523,1,1.8,0,6,1,11,0.1,129,1,8,148,1606,707,19,8,19,1,1,0,0
1403,1,2.5,1,3,0,62,0.9,90,4,13,217,1623,921,14,13,18,1,0,0,0
1715,0,1.9,0,4,1,3,0.1,171,5,6,79,1652,514,7,4,13,1,0,0,0
1092,0,2.7,1,8,0,45,0.8,185,1,10,1404,1424,1303,12,3,20,0,1,1,1
1540,0,0.7,1,0,1,29,0.1,157,7,1,318,831,1161,11,8,5,1,0,0,0
1205,0,0.5,1,3,0,12,0.6,175,4,6,573,614,860,14,1,14,1,0,1,0
1199,1,2.5,1,15,1,16,0.2,116,4,20,1168,1552,3448,17,13,10,1,0,1,3
1464,1,0.5,1,11,0,12,0.9,117,2,14,854,1168,3927,5,3,15,0,1,1,3
1436,1,2.4,1,3,1,23,0.3,106,5,4,189,1411,2488,8,4,8,1,0,0,2
832,0,1.6,1,1,1,34,0.3,108,5,5,311,1294,447,15,13,12,1,1,0,0
1110,0,1.5,0,4,1,41,0.1,152,3,16,800,1455,2572,16,5,16,1,0,1,2
1312,0,1.3,0,5,1,10,0.6,163,2,9,95,893,3941,6,2,13,1,1,1,3
504,1,0.5,1,2,1,46,0.9,172,5,14,280,1795,2085,13,5,8,1,0,0,1
504,1,2.8,1,2,0,54,0.4,163,2,10,1207,1539,2378,17,11,2,1,0,0,2
818,0,0.5,1,2,1,23,0.2,192,5,17,586,1552,2518,19,12,3,1,1,0,2
1099,0,0.5,0,13,1,61,0.3,146,3,20,393,1096,1699,17,10,3,1,1,1,1
603,0,1.5,0,8,0,12,0.7,114,6,20,1003,1284,1543,7,5,19,1,1,0,1
930,1,0.5,1,3,1,34,0.5,190,4,16,1050,1726,2131,7,2,6,1,0,1,2
1160,0,1.1,0,1,1,63,0.7,166,3,2,762,859,595,18,4,15,1,0,1,0
826,1,2.4,1,14,1,57,0.6,117,2,17,1077,1183,1907,15,14,5,1,0,0,1
1254,0,1.7,0,0,1,45,0.4,146,3,3,1571,1956,606,7,2,2,1,1,1,1
672,1,0.5,1,0,0,54,0.9,95,4,11,578,1143,667,17,8,14,0,0,0,0
1426,1,0.8,0,2,1,42,0.6,84,3,10,715,1163,1356,15,9,16,1,0,1,1
1991,1,2.7,0,5,1,64,0.9,145,2,13,1058,1325,1733,5,3,8,1,1,0,2
1655,1,0.5,1,6,1,4,0.1,105,3,12,626,1348,673,10,3,12,1,0,0,0
683,0,0.7,0,5,0,19,0.9,173,4,17,954,1985,2622,16,3,5,0,0,1,2
1082,0,2.3,1,11,0,2,1.0,101,4,20,398,724,2177,12,2,17,0,1,0,1
713,1,1.6,0,7,1,2,0.4,181,8,9,1211,1378,485,10,6,4,1,1,1,0
1856,0,0.5,1,0,1,24,0.1,155,5,1,277,1155,2052,17,6,10,1,1,0,2
1673,0,2.8,1,7,0,9,0.1,187,3,10,65,734,3669,9,1,10,1,0,1,3
916,1,0.5,0,0,1,47,0.2,82,4,1,1147,1393,1659,11,10,11,1,1,0,1
1547,1,2.9,0,2,0,57,0.4,114,1,3,347,957,1620,9,2,19,0,1,1,1
1519,0,2.1,0,0,0,32,0.7,200,1,10,168,1239,2912,11,10,15,1,1,0,2
1830,1,1.0,0,7,1,47,0.3,117,1,11,1191,1882,3362,13,10,11,1,0,0,3
1354,1,0.7,1,3,1,26,0.5,136,4,6,297,918,2090,5,1,13,1,1,0,1
1321,1,1.3,0,0,1,63,0.4,109,8,9,817,941,1464,7,6,16,1,1,1,1
1194,0,2.3,0,6,1,34,0.2,165,2,12,494,509,313,15,1,19,1,1,0,0
983,0,1.8,0,0,1,53,0.9,187,1,4,1001,1176,1389,17,8,8,1,1,1,1
609,1,0.5,0,4,1,10,0.1,81,6,6,113,1524,1905,16,3,18,1,1,1,1
1701,1,0.5,0,13,1,46,0.9,115,2,15,364,828,3717,11,0,10,1,1,0,3
1827,1,0.8,0,4,0,61,0.9,130,7,9,253,1764,2693,8,3,7,0,1,1,3
609,1,3.0,0,15,1,44,0.3,117,1,16,58,1253,2581,15,11,15,1,0,1,1
1799,0,1.0,0,1,1,30,0.6,123,3,9,617,1386,445,10,8,10,1,1,0,0
586,0,1.4,1,10,1,8,0.5,142,8,14,116,598,3178,9,7,10,1,0,1,2
911,0,1.4,1,3,0,14,0.7,199,4,4,1563,1692,2933,16,3,11,0,1,0,3
1175,1,1.7,1,1,1,45,0.6,167,2,7,90,557,2240,10,6,5,1,1,0,1
718,0,0.7,1,0,1,21,0.8,88,1,7,518,830,1754,17,11,9,1,0,1,1
1617,1,1.3,1,3,1,30,0.7,105,2,4,246,1038,829,9,0,10,1,0,0,0
1442,0,2.2,0,0,1,56,0.7,145,5,3,1626,1668,1513,11,8,7,1,1,0,2
1582,0,2.8,0,2,1,44,0.5,112,6,13,1486,1797,3890,17,10,10,1,1,1,3
1831,0,1.4,1,2,0,43,0.9,150,5,5,611,1381,3834,17,7,13,1,1,1,3
1067,0,1.8,1,11,0,14,0.2,146,1,15,965,1009,966,5,0,13,0,0,1,0
1604,1,1.9,1,0,1,63,0.6,93,5,2,641,1156,1464,15,9,20,1,1,0,1
1524,1,1.8,1,0,0,10,0.6,174,4,1,154,550,2678,16,5,13,1,0,1,2
645,0,2.5,0,10,1,63,1.0,174,4,14,278,584,3615,18,8,13,1,0,1,2
1109,1,2.8,1,6,0,57,0.9,151,1,12,124,833,2785,15,10,16,1,0,0,2
1330,0,0.9,0,6,1,52,0.8,84,4,12,462,1304,3269,19,6,8,1,1,0,3
642,1,0.5,0,0,1,38,0.8,86,5,10,887,1775,435,9,2,2,1,1,0,0
1821,1,1.2,0,13,1,44,0.6,141,2,14,1208,1212,1411,8,2,15,1,1,0,1
1300,1,0.5,0,5,0,62,0.1,156,6,7,219,1037,874,15,3,10,1,1,0,0
1232,0,2.9,1,1,1,24,0.3,169,5,17,361,809,1257,16,10,16,1,0,0,0
1225,0,0.7,1,0,1,2,0.6,138,7,1,217,1101,2675,12,11,15,1,1,0,2
1207,0,0.5,0,0,0,58,0.3,112,8,0,406,681,503,7,3,5,1,1,0,0
1162,0,1.0,0,0,0,50,0.5,104,4,10,332,866,1404,10,3,15,1,1,1,1
1727,0,2.1,0,2,1,63,0.6,85,7,8,1463,1992,2457,19,13,7,1,0,1,3
717,1,0.5,1,4,0,10,0.6,198,1,5,217,1106,688,10,7,15,0,1,0,0
864,1,3.0,1,0,1,54,0.7,187,2,1,127,1670,3121,18,2,16,1,1,1,2
1059,0,2.4,0,8,0,61,0.1,134,3,18,1613,1916,3716,15,13,11,1,1,0,3
1614,0,1.2,0,1,1,9,0.1,161,3,2,173,1219,1832,15,8,11,1,0,0,1
1986,0,0.5,0,7,0,51,0.4,95,3,9,342,774,3165,5,0,13,1,0,0,3
1576,1,2.2,0,8,0,5,0.7,139,3,17,258,789,3904,5,1,7,1,1,1,3
1762,0,0.7,0,7,0,60,0.1,157,4,10,643,790,1380,14,5,14,1,0,0,1
987,0,1.3,1,0,1,61,0.4,107,3,9,581,820,3963,9,4,20,1,0,1,3
879,0,1.5,1,0,1,21,0.8,187,4,2,463,1038,2927,14,13,11,1,0,1,2
963,0,0.5,0,1,1,60,0.8,156,3,3,742,821,2722,12,6,16,1,0,0,2
980,1,0.5,0,0,1,33,0.9,160,6,0,1008,1758,2268,7,5,4,1,1,0,2
1642,0,0.5,1,16,1,8,0.3,171,6,17,129,873,2984,13,4,17,1,0,1,2
579,1,2.5,0,3,0,7,1.0,89,8,10,808,1517,2908,12,4,11,0,0,1,2
902,1,0.7,0,3,0,3,0.3,134,7,9,675,1285,3411,12,11,15,0,0,1,3
1981,1,1.9,1,13,0,45,0.3,175,6,18,193,1234,1380,10,1,13,0,1,0,1
1782,1,2.8,1,6,1,58,0.8,157,1,13,867,999,2405,15,0,16,1,0,1,2
1154,0,1.1,1,2,1,5,0.2,98,1,13,539,1240,1470,12,0,12,1,0,0,1
1095,1,2.6,1,0,1,44,0.7,103,4,5,838,1066,3209,13,11,8,1,1,1,3
754,0,0.5,1,7,1,59,0.7,178,7,10,1914,1928,1027,6,3,5,1,0,0,1
1128,1,1.4,0,12,0,53,0.4,84,5,14,609,1370,2982,14,9,12,1,1,0,3
691,1,2.7,1,4,1,33,0.9,108,4,8,951,962,424,5,3,15,1,1,1,0
1066,0,0.6,0,2,1,7,0.9,114,7,18,1242,1571,468,19,13,6,1,1,0,0
584,1,1.7,1,1,1,19,0.4,199,4,4,919,1343,3996,12,9,17,1,1,1,3
771,1,0.5,0,3,0,25,1.0,86,4,6,327,922,770,12,1,20,0,1,0,0
1511,0,2.5,1,3,0,21,0.2,114,3,18,1455,1982,3746,10,0,5,1,0,0,3
671,0,0.9,1,10,0,30,0.7,105,7,17,852,1182,2504,6,4,15,1,0,0,2
1689,1,0.5,0,11,0,9,0.5,150,5,15,467,675,2637,8,4,3,1,0,0,2
1878,1,0.5,0,9,0,29,0.6,85,8,19,210,1026,1334,18,7,2,0,0,0,1
843,0,1.8,1,0,0,16,0.1,166,5,6,981,1096,3673,12,1,20,1,0,1,3
1191,0,1.3,1,16,1,26,0.8,84,1,20,681,683,1604,14,3,9,1,0,1,1
1948,0,2.8,1,5,1,18,0.2,135,2,14,477,571,816,16,2,3,1,0,0,0
1972,0,2.9,0,9,0,14,0.4,196,7,18,293,952,1316,8,1,8,1,1,0,1
1966,0,0.8,1,15,1,48,0.2,144,1,16,1242,1973,1252,6,4,19,1,1,1,2
1416,1,1.8,1,0,0,20,0.1,93,4,0,1175,1578,3872,10,2,7,0,0,1,3
1066,0,1.6,0,5,0,39,0.6,131,5,17,401,1586,2728,6,0,17,1,1,1,2
1277,1,0.5,1,0,1,35,0.4,142,6,6,309,1460,3559,18,17,6,1,1,0,3
1106,1,1.9,0,4,0,54,0.7,107,3,9,614,1212,2674,9,3,9,1,0,1,2
1330,0,0.5,0,0,0,38,1.0,183,7,1,1290,1441,1733,9,0,11,1,0,1,1
689,0,2.9,1,3,1,7,0.8,147,2,6,487,722,1241,9,0,16,1,0,0,0
1154,0,2.0,0,6,1,35,0.8,159,5,16,1003,1827,3262,16,15,16,1,0,0,3
1426,0,1.6,0,4,1,12,0.7,174,5,16,1573,1694,1277,14,9,5,1,0,0,1
767,0,1.9,0,16,1,19,0.2,185,6,17,271,1000,2445,6,1,6,1,1,1,1
744,0,1.7,1,0,1,33,0.5,105,4,2,1252,1963,2700,9,3,19,1,0,0,2
1065,1,0.5,0,0,1,14,0.7,89,2,2,188,928,3078,10,1,18,1,0,1,2
1394,1,0.9,1,10,1,62,0.3,175,5,13,1010,1565,473,11,1,20,1,1,0,0
1788,0,0.5,0,0,1,6,0.2,141,6,16,149,1022,2321,7,5,20,1,1,0,2
1864,0,1.4,0,8,1,46,0.7,178,1,12,168,981,2686,11,7,18,1,1,1,2
685,0,0.5,1,8,1,13,0.8,82,7,15,1091,1203,3210,15,7,2,1,1,1,3
1576,1,2.0,0,0,1,20,0.6,148,3,0,410,1551,1379,17,1,16,1,0,1,1
855,1,0.5,0,2,1,59,0.5,159,2,3,1028,1196,1875,16,8,8,1,1,1,1
1768,1,2.0,0,0,1,2,0.8,88,7,2,1303,1814,3256,9,6,5,1,1,0,3
714,1,0.5,0,1,0,30,0.3,145,4,2,643,1527,2302,12,10,10,0,1,1,1
1323,1,2.5,1,10,1,28,0.2,131,4,12,162,619,1892,10,0,15,1,1,1,1
1430,0,0.5,1,1,0,27,0.5,183,1,16,1132,1182,2832,7,1,15,0,1,1,2
1170,1,0.9,0,6,1,14,0.4,199,2,13,474,709,715,18,5,20,1,0,1,0
658,1,2.7,0,0,1,12,0.9,103,7,3,1156,1750,3587,14,11,20,1,0,0,3
1159,0,2.7,0,13,1,28,0.2,80,8,18,378,751,2495,10,0,9,1,1,1,2
1362,0,0.5,0,3,0,25,0.8,131,7,9,553,1505,995,7,6,18,0,1,1,0
1349,0,2.0,1,15,0,62,0.3,114,5,16,592,772,2756,11,3,4,1,0,0,2
798,0,2.4,0,5,0,4,0.2,96,3,9,526,643,2965,15,7,14,1,1,0,2
955,1,0.5,0,2,0,2,0.6,155,4,10,428,1254,1974,14,1,18,1,1,0,1
1661,1,1.4,0,0,0,29,0.3,119,2,0,536,861,591,9,2,9,1,1,1,0
518,0,0.8,1,0,0,3,0.1,178,7,1,437,1947,2832,5,0,8,1,0,1,2
1969,0,1.2,1,9,0,63,0.2,132,4,11,390,756,298,10,1,10,1,1,0,0
1914,0,0.7,0,1,0,35,0.6,118,8,2,942,1701,643,17,1,8,1,0,1,1
1590,0,1.9,1,3,1,21,1.0,160,5,18,920,963,1701,11,4,4,1,0,1,1
796,0,0.5,0,2,0,12,0.5,114,1,8,174,518,1075,7,3,2,0,1,0,0
1097,0,1.4,0,0,0,60,0.8,181,1,17,405,519,509,15,12,12,1,0,0,0
1790,0,2.5,1,9,0,2,0.1,184,1,14,622,792,1366,7,0,20,1,1,1,1
765,0,0.5,1,0,1,47,0.3,115,8,1,1277,1429,2243,11,7,4,1,0,1,2
623,0,2.0,0,2,0,6,0.1,127,3,4,144,672,3657,17,3,19,1,1,0,2
909,1,1.4,0,0,0,53,0.3,82,8,0,635,973,3187,12,9,4,1,0,0,2
1944,1,1.8,1,0,1,31,0.8,87,4,10,1111,1362,2560,7,3,8,1,0,0,3
1273,1,0.7,0,1,0,23,0.6,178,6,14,485,1399,558,8,5,13,1,0,0,0
1960,1,2.1,0,1,0,7,0.2,165,7,9,868,877,3773,11,9,6,0,1,1,3
1447,0,0.5,0,3,0,40,0.7,184,2,5,963,1062,471,8,4,20,0,0,1,0
1076,1,2.6,0,3,1,38,0.7,119,6,8,129,915,891,18,3,9,1,1,0,0
1974,0,1.0,0,4,0,24,0.3,80,7,13,250,545,861,7,4,6,1,0,1,0
1905,1,0.5,0,3,1,6,0.5,151,1,5,849,898,1545,9,5,10,1,1,0,1
1928,1,1.8,0,9,1,19,1.0,187,3,20,691,1580,3777,7,2,13,1,1,1,3
630,0,2.0,0,9,1,14,0.5,180,8,13,66,1448,1212,12,8,12,1,0,0,0
1801,0,0.5,1,6,0,52,0.9,120,6,10,100,1708,258,14,8,9,1,0,0,0
1908,0,0.5,0,9,1,30,1.0,111,2,19,140,1046,2944,19,17,17,1,0,1,3
1270,1,2.3,0,0,0,58,0.5,104,5,1,1512,1716,3299,13,4,16,0,0,1,3
807,1,0.5,1,0,0,37,0.2,127,4,0,245,829,2319,5,4,4,0,0,0,1
732,1,1.3,0,5,1,32,0.4,163,8,7,1661,1836,3883,12,2,5,1,0,1,3
970,1,1.3,1,5,0,59,0.2,84,7,19,1765,1786,3675,12,0,12,0,0,0,3
642,0,2.8,0,3,0,34,0.8,197,2,15,331,1011,3355,12,5,13,0,0,0,2
1358,1,0.5,0,11,1,36,0.3,155,4,14,1565,1858,3068,9,4,4,1,1,0,3
854,0,1.0,0,5,1,17,0.9,101,4,9,730,1148,3115,7,0,2,1,0,0,2
1156,1,1.2,1,0,1,50,0.8,159,2,0,322,547,470,7,0,15,1,1,0,0
666,1,0.5,1,7,1,54,0.4,81,3,13,58,1353,1254,15,9,9,1,1,1,0
1880,1,2.0,0,11,0,35,0.1,200,4,14,930,1983,1930,17,7,15,0,1,0,2
1956,0,2.2,0,0,1,37,0.5,87,3,2,185,776,1109,13,1,19,1,1,0,1
1154,0,0.5,0,12,1,14,0.7,156,7,14,251,1801,587,8,3,4,1,1,1,0
1564,0,1.4,0,5,1,26,0.1,129,6,16,117,1115,3742,13,3,13,1,1,0,3
1130,1,0.5,1,1,1,29,0.7,130,1,14,593,1327,432,6,1,10,1,1,1,0
914,1,0.9,0,2,0,4,0.8,100,2,12,191,1495,808,11,7,5,1,1,0,0
1147,0,0.8,1,11,0,28,0.7,158,6,13,1085,1134,2627,18,3,15,1,0,1,2
1702,1,2.3,1,12,1,47,0.6,107,2,19,1284,1643,595,10,0,19,1,0,1,1
1392,0,2.5,0,0,1,44,0.7,113,4,2,482,1098,1280,8,1,16,1,0,1,1
1485,1,0.9,1,0,1,28,0.8,158,5,1,371,1023,3241,14,11,11,1,1,0,3
1814,0,1.4,1,1,1,9,0.4,141,2,2,756,786,3556,18,12,16,1,0,0,3
1597,0,2.3,0,11,0,34,0.4,89,1,14,64,1667,934,16,10,9,0,1,0,0
1834,0,2.1,0,7,1,40,0.1,99,4,11,0,1987,3692,13,0,16,1,1,0,3
508,1,1.3,0,1,0,50,0.7,82,5,9,102,1195,2175,14,4,14,0,0,1,1
1591,1,2.2,1,4,1,52,1.0,161,3,16,548,1641,282,10,9,14,1,1,1,0
1325,1,0.5,0,0,1,13,1.0,133,4,8,1353,1915,3707,19,3,18,1,1,0,3
648,1,1.8,0,1,1,60,0.1,195,4,4,931,1811,819,10,3,4,1,0,0,0
799,1,2.3,0,1,1,63,0.8,144,8,6,361,975,431,15,6,6,1,1,1,0
1966,1,1.4,1,2,0,40,0.9,185,8,18,1197,1987,1185,11,2,20,0,1,0,2
1703,1,1.5,1,17,1,55,0.7,138,5,19,1411,1711,2993,5,1,20,1,1,1,3
581,0,0.6,0,5,1,56,0.2,180,2,10,523,565,354,10,4,13,1,1,1,0
1488,0,0.5,0,1,0,39,0.8,112,5,6,1528,1647,3054,14,10,19,0,0,0,3
1076,0,2.3,1,0,1,14,0.7,191,5,0,1088,1718,2355,17,16,2,1,1,1,2
755,1,2.8,0,5,1,51,0.3,186,4,12,315,990,2734,10,1,16,1,0,1,2
510,1,2.0,1,5,1,45,0.9,168,6,16,483,754,3919,19,4,2,1,1,1,3
877,0,1.3,1,9,1,46,0.8,135,1,14,457,652,3260,14,12,6,1,0,0,2
1310,1,1.1,1,13,0,7,1.0,194,5,14,117,513,3182,8,4,5,1,1,0,2
1843,1,1.8,1,13,1,16,0.7,134,6,18,118,580,3213,15,14,15,1,1,0,3
664,0,1.2,1,0,0,28,0.9,106,5,5,754,1497,2042,17,15,19,1,1,0,1
1891,0,2.8,0,7,1,37,0.4,129,7,14,169,1108,3704,8,6,11,1,0,0,3
1220,0,2.9,0,3,0,62,0.5,125,4,8,403,1933,2589,19,11,15,1,1,1,2
769,0,0.5,1,12,1,54,0.2,112,4,19,1385,1780,941,15,8,20,1,0,1,0
1887,1,3.0,1,6,1,17,0.2,126,8,7,1172,1798,3348,18,16,16,1,1,0,3
1866,0,1.4,0,0,0,30,0.5,182,3,0,108,1781,3834,16,11,8,0,0,0,3
1424,0,0.5,1,16,1,23,0.6,80,4,18,1399,1663,1053,14,11,16,1,1,1,1
1963,1,1.0,0,16,1,34,0.1,157,2,17,1136,1813,714,18,2,2,1,0,1,1
1457,0,1.9,1,1,1,16,0.3,102,3,10,1013,1287,1440,17,8,12,1,0,1,1
1910,1,1.7,0,0,0,34,0.6,115,2,0,985,1284,309,8,4,10,0,0,1,0
712,0,2.5,1,1,0,49,0.6,99,6,3,1131,1743,401,5,0,10,1,0,1,0
1542,0,2.3,0,1,0,43,0.8,182,2,11,346,966,3601,14,4,16,0,0,0,3
1821,0,0.9,0,9,1,12,0.3,114,1,18,97,1803,2430,7,4,6,1,1,1,2
1039,1,2.7,0,11,0,56,0.3,125,8,13,497,618,3105,14,8,5,0,1,1,2
817,0,1.3,0,0,0,11,0.5,144,3,11,722,766,2039,11,6,19,0,1,0,1
1661,0,1.9,1,5,0,23,1.0,172,5,10,846,1634,2676,12,6,11,0,1,1,3
831,0,2.4,0,10,0,55,0.5,86,6,12,172,1239,1075,12,11,3,1,1,0,0
999,1,1.8,1,0,1,27,0.1,167,4,1,20,745,1344,17,10,5,1,0,0,0
1660,0,2.8,1,4,0,7,0.8,184,1,6,76,1165,1531,12,0,7,0,0,0,1
825,1,0.5,1,7,0,52,0.9,130,3,10,597,863,3534,10,4,6,0,1,0,3
823,0,1.0,1,9,1,18,0.2,182,5,16,1180,1350,3894,13,10,9,1,1,0,3
1063,0,1.5,0,7,0,3,0.9,155,4,10,394,849,1919,12,10,20,1,1,0,1
983,0,0.6,1,0,1,45,0.1,130,4,11,948,1205,2052,5,3,6,1,0,1,1
1961,1,1.5,0,10,0,55,0.5,100,7,20,861,1888,2355,14,7,6,1,1,1,3
1660,0,0.6,0,2,1,24,0.8,169,2,3,223,1777,2402,12,10,14,1,1,1,2
1315,1,2.6,0,7,0,64,0.8,128,7,16,59,575,3278,6,3,13,0,0,0,2
772,1,2.4,1,1,1,10,0.5,80,4,2,1242,1712,3242,18,11,4,1,1,0,3
1231,0,1.2,1,5,0,54,0.8,185,3,10,632,1184,1762,5,3,6,1,1,0,1
705,1,0.5,0,5,1,57,0.9,155,6,9,1114,1374,1509,15,11,18,1,1,1,1
1348,1,2.0,1,5,0,36,0.3,145,6,6,468,741,2554,19,1,12,0,1,0,2
1982,1,1.6,0,2,1,12,0.2,80,5,20,287,593,1824,13,3,14,1,1,1,1
832,1,0.5,1,1,1,5,0.1,165,5,2,9,1944,3946,12,5,14,1,1,1,3
612,1,1.9,1,6,0,16,0.3,102,7,7,1360,1891,3161,8,4,3,0,0,0,3
955,0,0.5,1,4,0,43,0.9,143,5,8,1248,1511,1432,12,9,9,1,1,1,1
1211,1,1.2,0,0,0,28,0.3,130,2,3,58,963,2750,6,1,14,0,1,0,2
1732,1,1.1,0,4,1,12,0.8,119,8,9,824,881,1308,16,7,11,1,0,1,1
1753,0,0.5,1,0,1,31,0.1,134,1,18,1590,1926,1324,17,0,17,1,0,1,2
1046,1,2.8,1,0,1,58,0.2,100,8,0,259,1040,3863,17,12,9,1,1,1,3
1083,0,1.0,0,6,0,52,0.9,126,2,20,925,1469,681,19,18,19,1,1,1,0
626,0,0.7,1,2,1,23,0.5,187,2,9,90,1334,3458,7,5,11,1,0,1,2
774,0,0.5,1,2,1,10,0.5,188,2,9,1480,1731,2944,8,6,2,1,1,1,2
775,1,2.5,1,1,1,10,0.1,185,7,14,444,1555,1719,19,3,18,1,1,1,1
1322,0,1.7,1,6,0,7,0.8,140,3,9,177,1990,1418,19,17,12,0,1,0,1
1288,0,0.5,1,3,1,61,0.2,115,6,6,988,1503,1882,16,6,10,1,0,1,2
1002,0,0.8,1,0,1,35,0.5,83,2,4,1345,1416,1726,16,5,19,1,0,1,1
1138,0,1.4,0,12,1,44,0.2,187,8,17,111,1138,3475,19,3,3,1,0,0,3
781,1,1.3,1,1,0,64,0.2,88,2,7,368,607,3862,17,10,9,0,0,0,3
864,0,1.7,0,3,1,35,0.3,103,3,7,663,1805,1904,12,8,13,1,1,1,1
1507,1,0.9,1,0,1,42,0.4,123,5,0,682,888,1486,15,3,19,1,0,0,1
1913,1,1.8,0,0,0,29,0.6,111,5,4,675,742,2023,17,13,8,1,1,0,2
1375,1,1.3,1,2,0,12,0.1,105,1,13,898,1687,2890,17,1,12,0,0,0,3
862,0,2.3,0,9,1,6,0.1,107,8,14,829,1977,3458,9,4,9,1,1,1,3
1236,1,2.8,0,6,1,32,0.3,143,4,18,492,1403,942,16,12,14,1,1,1,0
1494,0,1.9,0,2,1,47,0.4,129,2,9,207,1177,3202,13,1,14,1,0,0,3
610,1,1.6,1,9,0,52,0.4,90,4,19,1039,1273,3472,10,4,12,1,1,1,3
1811,0,2.9,0,0,0,33,0.2,132,8,2,1099,1553,2610,8,3,13,1,1,0,3
560,1,2.0,1,6,1,57,0.3,81,3,12,80,1327,2167,11,10,7,1,0,1,1
1131,1,0.5,1,11,0,49,0.6,101,5,18,658,878,1835,19,13,16,1,1,0,1
728,0,1.7,1,0,1,5,0.6,101,2,20,584,775,834,16,0,5,1,1,0,0
1672,1,1.7,1,1,1,44,0.5,172,8,4,1250,1435,1348,11,6,7,1,1,1,1
1934,1,2.7,0,8,1,2,0.1,118,4,16,242,1127,2190,18,1,9,1,0,1,2
1812,1,1.3,1,4,1,42,1.0,162,7,15,380,1550,3338,18,13,11,1,1,1,3
1988,1,0.5,0,0,1,16,0.1,94,8,1,153,696,3144,16,2,14,1,0,0,3
1957,0,1.2,1,18,1,36,0.8,151,2,19,1194,1727,1115,16,2,18,1,0,1,1
513,0,1.9,0,8,0,27,0.4,174,8,13,282,710,3400,16,6,13,0,1,1,2
1779,1,2.6,1,2,0,5,0.8,90,1,3,1225,1717,1246,12,2,20,0,1,0,1
516,0,1.1,1,0,1,39,0.4,91,5,7,855,1401,819,8,0,10,1,1,1,0
1650,0,2.3,0,0,1,38,0.7,89,1,1,773,881,324,14,10,2,1,1,1,0
1366,1,0.7,1,0,1,34,0.1,150,2,9,402,964,3501,13,11,3,1,0,0,3
1512,1,0.5,0,8,1,18,0.1,88,3,17,1079,1897,3607,12,10,6,1,1,1,3
1846,1,0.6,0,1,0,19,0.7,159,1,2,83,773,1333,15,6,11,0,1,1,1
874,0,1.3,0,5,0,8,0.5,185,1,20,442,1248,582,6,4,15,0,0,0,0
1023,1,0.7,0,2,1,63,0.7,153,7,8,367,1985,3155,11,10,7,1,1,1,3
1035,1,2.7,0,1,0,40,0.2,157,5,15,757,1912,3548,14,4,5,0,1,1,3
1512,1,0.5,0,1,0,52,0.1,131,1,14,333,952,3002,6,5,7,0,0,1,2
1841,1,1.3,1,6,0,14,0.6,167,8,8,593,672,2304,7,1,18,0,0,1,2
1268,1,2.9,0,9,1,42,0.9,182,6,17,360,912,931,11,5,20,1,1,0,0
1333,0,1.4,0,3,1,59,0.7,183,7,5,394,1301,3442,18,16,5,1,1,0,3
1925,0,3.0,1,0,1,16,0.8,175,8,11,983,1087,2173,7,3,19,1,1,0,2
733,0,2.1,0,5,1,7,0.2,174,7,10,445,1409,1403,15,8,2,1,1,0,0
652,0,0.5,1,1,0,58,0.6,142,3,2,464,781,565,18,12,9,0,0,1,0
926,1,0.8,0,6,1,59,0.8,161,7,14,84,793,256,18,7,2,1,0,1,0
1330,1,1.8,1,1,0,40,0.5,177,1,5,194,892,2678,9,4,14,1,1,1,2
1193,1,2.3,0,7,0,20,1.0,158,7,13,1442,1904,1958,7,5,2,1,0,0,2
848,1,2.8,0,1,0,8,0.1,103,7,3,7,1294,436,10,6,15,1,1,1,0
1275,1,0.5,1,3,1,5,0.2,152,1,9,19,501,3784,13,4,4,1,1,0,3
1483,1,2.6,1,13,0,19,0.6,146,7,19,361,1552,1587,9,4,19,0,0,0,1
1747,1,0.9,0,6,1,48,0.7,94,3,19,947,1131,2362,17,2,19,1,1,0,2
1996,1,2.8,1,0,1,7,0.1,138,5,4,937,1083,1258,17,14,16,1,0,0,1
1581,1,1.0,0,9,0,41,0.4,172,4,19,693,850,1384,19,9,2,0,1,1,1
1732,0,0.8,0,2,0,61,0.3,172,5,3,201,656,3940,17,11,20,0,1,1,3
1163,1,2.1,1,0,1,19,0.9,132,2,1,728,818,2940,13,0,15,1,0,1,2
1146,0,3.0,0,5,1,57,0.4,111,5,10,73,583,291,19,9,11,1,1,1,0
793,0,1.2,1,1,1,38,0.6,176,4,7,1226,1815,3139,6,1,12,1,1,1,3
1269,1,1.3,0,14,0,52,0.8,118,2,15,1597,1920,665,18,5,5,0,0,0,1
1766,1,1.3,0,1,0,29,0.5,194,8,20,439,1306,2316,19,2,6,0,0,1,2
1433,1,2.3,0,2,1,5,0.1,129,5,11,420,784,2132,18,15,19,1,0,1,1
894,0,0.7,0,2,1,58,0.1,123,2,3,158,747,3305,12,7,2,1,0,0,2
548,0,1.0,1,0,1,56,0.4,146,4,14,657,1657,562,17,14,8,1,1,1,0
1177,0,0.9,0,1,0,11,1.0,181,4,7,945,1923,1887,8,5,11,1,1,1,1
984,1,2.2,1,0,1,39,0.5,119,8,18,56,1931,2013,11,7,16,1,1,0,1
1344,0,1.5,0,1,0,14,0.5,190,1,3,419,556,2074,8,1,5,1,1,0,1
803,0,0.8,1,0,0,18,0.3,106,4,1,627,935,2801,18,15,12,0,1,0,2
805,1,1.7,1,0,1,58,0.9,168,3,10,81,1544,3397,7,6,2,1,0,0,2
1229,0,0.5,1,15,0,14,0.8,191,2,16,120,1878,1667,17,6,17,0,0,1,1
506,0,1.6,0,6,1,41,0.8,159,1,7,875,1025,2965,13,10,15,1,0,0,2
1367,0,2.9,0,4,0,56,0.8,176,2,6,36,642,299,6,2,10,0,1,0,0
1187,1,2.2,0,0,1,46,0.4,145,2,9,1173,1814,3917,13,11,8,1,0,1,3
1122,0,0.5,0,0,1,40,0.3,156,7,14,675,1163,1456,9,3,20,1,1,0,1
1254,1,1.2,0,2,1,27,0.2,134,2,10,1288,1372,817,14,1,16,1,1,1,0
1715,0,1.0,1,4,1,31,0.5,83,8,17,638,1615,625,17,6,13,1,0,0,0
852,0,1.8,1,5,1,8,0.8,160,5,9,683,1349,315,7,6,20,1,0,0,0
1322,0,2.3,1,1,1,35,0.1,157,1,3,443,708,3684,15,8,6,1,0,0,3
1722,1,1.0,0,7,0,25,0.8,88,6,19,1179,1638,2376,5,1,19,0,0,1,3
1545,0,1.3,1,15,1,35,0.1,173,5,20,115,1352,3197,14,9,6,1,0,1,3
1800,1,0.7,0,2,1,8,0.4,100,7,6,400,823,3481,10,8,8,1,0,1,3
867,1,1.5,0,0,1,57,0.1,159,4,0,289,724,2157,8,6,18,1,0,0,1
946,1,2.6,1,17,0,5,0.1,166,3,20,1698,1771,3720,15,7,4,0,1,0,3
663,0,0.8,1,0,0,25,0.6,183,2,1,82,1605,3176,6,2,2,1,0,1,2
1067,1,2.4,1,3,1,40,0.6,122,8,15,494,1989,604,16,14,11,1,0,0,0
1007,1,2.9,1,5,1,21,0.8,185,8,12,479,831,1301,8,6,12,1,1,0,0
586,0,2.8,0,2,0,15,0.2,83,3,11,241,854,2592,12,8,3,0,0,0,1
1530,0,2.0,0,11,0,42,0.8,177,6,13,454,1975,725,11,10,19,0,0,1,0
1944,0,0.6,1,9,1,59,0.2,132,7,10,634,1079,769,19,13,3,1,0,1,0
878,1,1.3,0,13,1,31,0.5,153,4,18,575,618,3497,9,7,11,1,1,0,2
1163,1,1.9,0,6,0,2,0.9,133,5,20,919,1076,1568,14,0,19,1,0,0,1
1940,1,1.0,1,0,1,5,0.2,194,4,1,588,1809,820,19,18,3,1,1,1,1
1361,1,1.4,0,1,0,47,1.0,169,5,2,881,1382,2495,8,7,16,0,0,1,2
1412,1,2.4,0,5,0,25,0.8,96,8,17,516,1894,837,15,9,4,0,0,1,1
618,0,2.1,0,2,0,6,0.3,86,1,4,1314,1688,1051,13,10,15,0,0,1,0
1723,1,1.1,1,1,0,42,1.0,164,8,14,202,1791,3587,10,5,3,1,0,0,3
626,1,2.8,1,3,1,11,0.8,109,2,9,737,1759,1077,6,1,4,1,0,1,0
723,0,0.5,0,0,1,3,0.2,168,4,3,920,1748,1851,15,3,16,1,0,0,1
854,0,0.5,0,2,0,30,0.5,125,8,5,518,1152,2889,5,2,11,0,0,1,2
1654,1,1.5,1,0,1,43,0.3,109,2,0,546,629,3112,12,5,10,1,1,0,3
612,1,0.7,0,6,0,35,0.6,181,5,12,1294,1337,3169,14,9,6,0,0,0,2
1083,1,2.9,1,1,1,64,0.8,178,3,11,1025,1118,3210,13,3,4,1,0,0,3
1619,1,0.9,0,3,0,20,0.9,117,6,9,813,1180,464,7,5,16,1,0,1,0
1786,0,1.2,0,11,0,61,0.1,123,3,14,74,865,3033,14,11,17,0,1,0,3
712,0,0.5,0,6,0,27,0.5,86,2,11,1245,1309,2001,11,10,12,1,1,1,1
569,1,0.5,1,10,1,4,0.8,170,3,19,351,1159,2351,8,7,10,1,1,0,1
1583,1,2.1,1,11,0,14,0.7,148,7,16,942,1651,1704,17,13,2,1,0,1,2
1866,1,2.5,1,3,1,47,0.8,89,5,9,358,1782,1444,7,4,20,1,0,0,1
1536,0,0.8,0,12,0,13,0.3,105,7,20,22,1634,2020,6,0,16,1,1,0,2
1900,1,0.5,1,0,1,55,0.9,171,1,1,934,1241,3917,15,5,18,1,0,1,3
772,0,1.0,1,0,1,23,0.6,97,7,11,317,1805,2782,7,0,17,1,0,0,2
1592,0,2.1,0,6,1,50,0.1,181,2,17,510,522,2103,19,8,7,1,0,0,1
1547,0,2.9,1,6,0,45,0.7,166,2,8,583,590,505,12,2,3,0,1,1,0
1830,0,0.5,0,0,0,7,0.9,191,6,12,460,1583,2334,8,7,14,0,1,0,2
1087,0,1.3,0,0,1,16,0.3,166,3,9,295,589,690,14,6,6,1,0,1,0
1171,1,1.7,1,2,0,19,0.3,167,7,19,248,755,263,6,5,8,0,0,0,0
1166,1,0.5,0,7,0,59,0.5,80,1,11,437,638,3887,8,6,7,1,0,1,3
1583,0,1.2,1,0,0,14,0.2,148,2,4,1171,1673,2498,13,6,8,0,0,1,2
1413,0,0.6,0,0,1,13,0.1,128,1,0,1323,1481,515,5,0,18,1,1,0,0
1414,0,2.6,0,1,0,27,0.6,137,4,20,804,1564,312,5,2,8,0,0,1,0
1018,0,2.2,0,8,0,16,0.6,153,8,10,992,1433,3143,17,12,20,0,1,0,3
1062,0,0.5,0,3,1,39,0.9,124,4,4,571,817,1345,16,0,11,1,0,1,0
1420,0,2.8,1,1,0,50,0.1,100,8,8,194,1393,763,17,1,17,0,1,1,0
1799,1,0.5,0,0,0,49,0.4,107,4,2,632,1383,720,12,2,11,1,1,1,0
1527,0,2.7,0,10,1,60,0.1,154,5,14,526,1116,2078,5,3,11,1,1,1,2
1872,1,2.3,0,6,0,44,0.7,134,3,15,459,1259,1955,9,4,15,1,0,1,2
1510,0,0.6,1,1,0,32,0.7,135,3,8,963,1520,854,8,2,10,1,0,1,1
1883,0,1.6,0,9,0,24,0.1,87,1,16,203,915,3563,17,10,3,0,0,0,3
993,1,2.3,1,0,0,16,0.4,106,7,13,424,1639,1113,14,1,6,0,0,1,0
1068,0,1.3,0,6,1,52,0.1,97,8,7,994,1500,1436,16,1,15,1,0,0,1
1992,1,0.6,1,11,0,2,0.1,141,1,14,649,895,3206,10,9,10,1,1,0,3
622,0,0.7,0,0,1,9,0.3,127,2,0,98,511,3916,13,1,5,1,0,1,2
1623,1,1.2,0,6,1,61,0.9,120,7,12,1568,1832,1510,12,10,17,1,1,0,2
1883,1,0.5,0,3,1,10,0.3,146,6,13,836,1739,2600,16,8,20,1,0,0,3
1807,1,2.9,0,0,0,16,0.2,125,3,0,1221,1415,2921,8,5,17,0,1,0,3
1539,1,2.6,0,0,0,41,0.1,159,8,0,1112,1666,2107,15,9,10,1,0,1,2
1332,0,1.3,1,5,1,7,0.8,168,7,19,846,855,2790,19,11,10,1,1,0,2
737,1,2.4,1,7,0,49,0.6,193,4,16,781,1463,2951,7,0,10,0,1,0,2
823,1,0.5,0,0,0,39,0.4,187,8,4,630,888,294,13,9,11,0,0,1,0
1692,1,2.1,0,3,1,61,0.9,176,6,12,975,1996,1354,16,7,19,1,0,0,1
1309,0,1.1,1,0,0,33,0.5,100,4,14,557,1402,2334,10,1,11,1,0,1,2
1997,1,1.8,1,1,0,40,0.5,185,4,8,866,1212,1655,7,6,15,1,0,0,2
1336,0,0.9,0,5,1,17,0.2,194,5,9,55,583,1869,13,1,16,1,1,1,1
649,1,1.4,0,4,1,19,0.8,190,7,12,344,1551,739,18,1,2,1,1,0,0
984,1,0.5,0,13,1,42,0.8,98,7,17,1036,1611,898,16,8,13,1,1,0,0
1150,1,2.7,0,0,0,39,0.4,151,8,1,397,800,999,6,2,11,1,1,0,0
580,1,2.1,1,0,0,24,0.4,135,4,5,404,898,3565,12,11,8,1,0,1,2
1362,1,2.9,0,0,0,47,0.5,186,6,4,600,1042,3629,19,17,5,0,1,1,3
1792,1,1.0,0,3,1,62,0.3,170,7,8,1626,1913,2563,18,14,15,1,0,1,3
1547,1,3.0,1,2,1,14,0.7,198,3,19,1042,1832,2059,5,0,15,1,0,1,2
1197,1,0.5,1,9,0,20,0.1,129,5,10,214,1710,2885,19,7,14,1,1,1,2
1003,1,2.9,0,16,1,16,0.6,119,8,19,190,1905,1798,16,7,10,1,0,0,1
1159,0,1.5,0,3,0,36,0.4,104,4,8,717,1206,2115,8,7,18,0,0,0,2
1421,0,2.8,0,0,1,57,0.4,165,1,2,781,1657,2775,13,8,14,1,0,1,3
1596,0,2.9,1,7,0,7,0.7,149,2,9,169,1190,2493,14,12,13,1,1,1,2
580,1,1.2,1,0,0,47,0.9,91,3,1,1086,1345,3451,15,1,11,1,1,0,3
942,0,1.4,1,8,0,27,0.5,91,4,9,754,1532,587,6,3,13,0,1,1,0
1552,1,2.2,0,6,1,13,0.2,123,6,9,269,1026,2403,9,2,9,1,1,1,2
903,0,1.0,1,0,1,50,0.4,91,1,0,1230,1235,711,9,5,10,1,1,0,0
1986,0,0.5,1,3,1,51,0.1,165,8,20,282,1358,1614,17,12,3,1,1,1,1
1497,1,0.9,1,4,1,10,0.1,153,8,20,98,977,3696,9,0,3,1,0,1,3
1766,1,0.5,1,1,0,16,0.6,141,5,7,125,1227,3314,9,7,17,0,0,1,3
1670,1,3.0,0,14,0,62,0.5,114,8,20,1117,1330,3024,6,0,20,0,0,1,3
1043,1,0.5,0,7,0,42,0.1,111,3,8,716,1626,912,16,9,6,0,1,0,0
765,1,2.5,0,3,0,44,0.3,88,8,11,1364,1851,2256,6,1,19,0,1,1,2
725,0,1.3,1,16,0,60,0.4,160,8,17,1134,1249,1326,10,4,15,1,0,0,1
1686,1,2.8,1,3,0,38,0.1,166,4,4,397,1453,2958,14,11,2,0,0,0,3
1337,0,0.5,0,13,0,31,0.8,186,2,20,48,644,2180,7,4,16,1,0,1,1
1175,0,0.6,0,10,0,25,0.1,145,2,12,137,1501,3153,9,4,12,1,0,0,2
752,0,0.5,1,1,0,48,0.7,87,7,13,164,728,3860,7,5,16,0,0,0,3
1707,0,1.4,0,0,0,41,0.8,80,7,2,1331,1388,1774,12,0,10,0,0,0,2
1578,0,2.9,0,8,0,3,0.9,200,1,20,342,670,3483,17,4,16,1,0,0,3
1487,0,0.5,0,6,1,57,0.7,84,3,12,140,768,2563,18,4,14,1,0,0,2
1843,0,2.8,0,1,1,62,0.8,104,3,7,21,832,3899,5,4,6,1,0,1,3
582,0,0.5,1,3,0,27,0.2,168,3,10,985,1420,2437,19,2,2,1,1,1,2
1290,1,1.4,1,19,1,35,0.3,110,4,20,405,742,879,16,2,8,1,0,0,0
776,1,1.7,0,0,1,20,1.0,146,4,9,991,1803,685,15,11,7,1,1,1,0
546,1,2.6,1,5,0,26,1.0,159,5,15,416,1658,1550,7,2,3,0,1,0,1
1472,0,3.0,0,4,1,20,0.3,169,2,6,443,892,797,6,1,11,1,1,0,0
912,1,2.0,0,1,0,54,0.3,161,8,5,329,1053,2330,19,5,20,0,1,0,1
1035,0,0.5,1,14,1,49,0.3,178,2,15,574,1171,3991,12,4,19,1,0,0,3
1128,1,1.1,0,9,1,46,0.9,135,8,10,751,1582,1434,5,0,11,1,0,0,1
1945,0,1.2,0,3,0,26,0.7,112,6,5,1064,1540,3322,18,7,20,0,0,1,3
727,1,2.5,1,0,1,64,0.2,193,1,9,664,711,3654,9,1,16,1,1,0,3
989,1,2.0,0,4,0,17,0.2,166,3,19,256,1394,3892,18,7,19,1,1,0,3
1933,0,2.8,1,1,0,16,0.5,154,3,9,229,1473,838,14,2,18,0,1,0,0
1478,1,0.8,1,12,0,48,0.7,99,5,17,694,882,1141,5,2,6,0,0,1,1
1902,0,2.8,1,6,0,50,0.8,124,8,9,1142,1393,343,11,8,18,0,1,0,0
914,1,0.5,0,0,1,26,0.7,147,4,0,706,721,1122,12,9,2,1,1,1,0
1957,0,0.9,1,11,0,31,0.6,181,3,16,396,1732,3801,12,0,7,1,0,1,3
1158,0,0.7,1,1,1,29,0.7,123,2,20,311,1796,1542,17,9,15,1,0,1,1
1219,0,1.6,1,5,0,4,0.3,169,6,7,1419,1698,1998,9,2,4,0,0,0,2
1748,0,1.7,1,6,1,14,0.5,146,3,7,859,1234,3968,16,12,3,1,0,1,3
825,1,1.5,0,11,0,38,0.4,94,3,18,540,783,716,11,4,14,0,1,0,0
718,1,1.6,1,1,1,30,0.4,93,3,12,662,997,1601,10,9,12,1,1,1,1
1724,0,2.0,1,2,1,57,0.5,177,3,5,1605,1924,2822,19,3,16,1,1,0,3
531,1,0.5,1,0,1,12,0.5,121,4,3,158,1657,2331,18,12,20,1,0,1,1
1663,1,2.5,1,13,1,27,0.3,169,4,14,831,1439,2084,7,1,18,1,0,0,2
1159,1,2.8,0,5,1,18,0.5,83,1,7,681,723,2246,8,1,3,1,1,0,1
628,1,1.8,0,5,0,60,0.2,87,6,6,1047,1534,1337,12,7,14,0,1,0,1
1575,0,2.5,1,0,1,11,0.2,185,7,20,492,818,2182,7,3,17,1,1,0,2
1567,0,2.1,1,3,0,22,0.8,153,3,19,190,1326,3991,15,2,10,1,0,0,3
1403,0,2.7,0,2,1,26,0.1,164,5,3,461,1251,3371,13,9,9,1,0,1,3
880,0,0.5,1,1,0,44,0.5,172,8,15,436,1302,3132,8,7,6,0,1,1,2
1806,1,2.0,1,2,1,54,0.1,117,1,11,347,727,3142,13,0,6,1,0,1,3
1130,0,1.8,1,0,0,27,0.9,101,1,8,1495,1579,315,14,5,11,1,1,0,0
973,1,1.5,0,5,1,57,0.2,190,7,16,457,1816,2977,6,4,2,1,0,0,2
1139,1,0.9,1,6,1,58,0.5,161,2,11,742,999,1850,9,4,8,1,0,0,1
1128,1,0.5,1,6,0,33,0.6,147,8,7,938,1226,1440,17,15,19,1,0,0,1
1604,1,1.7,0,2,0,33,1.0,191,8,5,134,939,916,13,10,12,0,1,1,0
1960,1,2.3,1,1,1,61,0.3,86,7,3,205,1299,3865,10,7,11,1,0,0,3
536,0,2.4,1,12,1,3,0.3,182,7,14,1386,1539,284,12,9,4,1,1,0,0
1414,1,2.2,1,0,1,49,0.5,101,4,1,130,887,2290,13,0,12,1,1,0,1
1991,0,2.2,1,1,1,42,0.7,82,1,13,366,613,722,6,5,10,1,1,0,0
1054,1,1.8,1,3,1,40,0.8,196,7,10,27,774,2296,16,12,12,1,0,1,1
860,1,1.3,1,1,1,49,0.7,141,6,13,692,979,3869,16,14,20,1,1,1,3
1251,0,0.5,1,10,1,29,0.7,133,6,16,308,591,1052,11,9,11,1,0,0,0
1946,0,2.7,1,8,0,8,0.3,123,8,19,647,1849,3117,6,0,2,1,0,0,3
1356,1,0.5,1,0,0,35,0.8,131,1,19,782,951,3451,5,2,17,1,1,1,3
1347,0,1.5,1,10,0,56,0.3,95,1,19,398,1528,2456,13,0,13,1,1,1,2
1882,0,2.0,0,11,1,44,0.8,113,8,19,4,743,3579,19,8,20,1,1,0,3
1349,1,2.1,1,3,0,46,0.9,134,6,12,212,623,2367,11,7,10,1,0,1,1
686,1,2.7,1,0,0,36,0.1,194,4,1,64,745,1503,10,0,13,0,0,0,0
833,1,0.6,1,0,1,27,0.3,145,4,2,649,1290,586,19,8,19,1,0,1,0
1936,1,1.9,1,13,1,34,0.2,182,7,14,591,1089,1671,6,1,9,1,0,1,1
1521,1,1.6,0,5,1,62,0.3,143,1,9,678,1630,3555,5,2,19,1,0,0,3
1122,0,2.8,0,0,0,28,0.6,184,3,4,1578,1963,1402,14,10,3,0,1,0,1
989,1,1.8,1,4,1,55,0.7,124,1,12,46,1069,1737,8,5,10,1,0,1,1
1778,0,0.5,0,0,1,23,0.5,101,6,11,1028,1445,3941,19,6,13,1,0,0,3
1944,1,0.5,0,1,1,26,0.5,92,4,9,313,712,2322,19,8,7,1,0,1,2
1327,0,2.8,0,10,0,23,0.5,89,7,16,441,1721,872,7,5,4,1,1,1,0
1986,0,2.7,1,3,1,64,0.2,162,4,20,236,1520,1377,5,3,15,1,1,1,1
1948,0,2.9,1,4,0,5,0.2,136,1,13,651,700,361,6,1,10,0,1,0,0
1202,1,2.4,1,0,0,19,0.1,122,2,1,404,1742,595,19,0,3,0,0,0,0
1486,0,2.6,0,7,0,52,0.1,85,4,15,1430,1747,297,13,1,15,0,1,0,0
848,1,2.1,1,10,1,19,0.8,148,7,18,176,1029,3359,10,0,14,1,0,0,2
823,1,2.7,1,13,0,60,0.5,148,8,19,822,1449,905,14,11,17,1,1,1,0
1113,0,0.6,1,0,0,25,0.3,145,1,10,1047,1312,277,11,2,12,1,0,1,0
697,0,2.7,1,5,1,20,0.4,173,2,6,478,1477,259,12,6,4,1,1,1,0
1721,1,0.5,1,4,1,33,0.5,128,4,5,871,1048,707,19,2,5,1,1,1,0
1129,1,0.8,1,9,1,21,0.6,116,2,10,1128,1702,1400,11,0,13,1,1,0,1
687,1,1.3,0,9,1,50,0.6,151,4,20,584,1151,3416,14,6,8,1,1,0,3
1807,1,2.1,0,2,0,49,0.8,125,1,10,337,1384,1906,17,13,13,0,1,1,2
1074,0,2.4,1,2,1,9,0.9,103,6,14,946,952,1948,13,1,18,1,1,1,1
1414,1,1.5,1,5,0,44,0.5,180,2,6,44,1118,3490,16,12,13,0,1,0,3
1976,1,2.6,1,6,0,45,1.0,136,4,19,652,1933,2470,11,1,3,0,0,0,3
1562,0,0.5,1,1,1,20,0.8,172,8,10,678,1676,3465,16,11,6,1,1,0,3
788,0,2.5,1,4,1,57,0.9,91,8,12,42,1161,3969,12,8,6,1,1,1,3
1397,0,2.9,1,13,0,9,0.5,87,6,18,1308,1991,3137,12,1,11,1,1,1,3
1777,1,3.0,0,3,0,20,0.6,188,6,5,511,616,3868,5,1,7,0,1,1,3
1253,0,0.7,0,0,1,34,0.9,113,4,10,161,647,3518,7,3,8,1,1,1,3
1423,0,0.6,0,12,0,44,0.8,131,5,13,501,640,2253,10,8,9,0,0,0,1
702,0,2.6,1,2,1,9,0.7,141,3,3,504,1570,2955,10,4,19,1,0,0,2
1634,1,1.4,0,1,1,17,0.2,200,2,5,964,1677,3031,11,6,6,1,1,1,3
586,1,0.6,0,16,1,42,0.3,121,7,17,785,1118,1869,12,2,7,1,1,1,1
1044,1,2.8,1,7,0,33,0.6,129,4,13,42,1262,1816,17,16,15,1,0,1,1
1498,1,1.2,1,0,1,14,0.1,191,4,1,111,1167,577,14,12,12,1,1,0,0
519,1,1.6,1,7,1,51,0.3,132,4,19,550,645,3763,16,1,4,1,0,1,3
1234,1,1.6,1,1,0,33,0.6,172,1,3,166,778,1449,11,7,6,0,0,1,0
576,0,1.2,0,1,0,30,0.8,162,8,5,847,893,2800,11,6,16,0,1,1,2
574,1,2.0,1,0,1,26,0.5,118,6,2,382,1364,1303,8,4,2,1,0,1,0
1722,0,2.6,0,8,0,18,0.8,177,2,16,865,1741,3271,14,0,15,1,0,1,3
1469,0,2.1,0,0,0,8,0.7,123,7,0,398,1133,1052,8,1,3,0,1,0,0
1790,1,2.3,1,3,1,49,0.5,100,3,11,396,1980,3568,6,2,18,1,0,1,3
815,0,2.0,1,4,0,51,0.3,85,6,12,982,1291,3469,5,4,6,1,0,1,3
1926,1,1.1,0,13,1,50,0.2,179,6,17,371,1000,3809,17,12,17,1,1,0,3
1670,1,1.6,1,0,0,47,0.8,139,8,15,1706,1886,876,16,0,5,1,1,0,1
1030,0,1.6,1,3,1,58,0.2,138,6,20,1111,1812,2858,6,2,18,1,1,1,3
1544,0,2.4,0,18,1,12,0.1,186,7,20,470,844,489,9,4,2,1,0,1,0
637,1,0.8,1,2,0,28,0.6,194,4,6,1080,1289,2725,15,10,7,0,0,0,2
930,0,2.1,1,0,0,54,0.9,80,1,13,1569,1763,1743,7,1,9,0,1,0,2
1673,1,1.6,0,2,0,42,0.5,182,5,6,214,679,3094,12,4,20,0,0,0,2
1884,0,2.1,1,7,1,43,0.8,185,1,18,451,819,3619,14,8,7,1,1,1,3
842,1,1.8,1,4,0,57,1.0,124,3,10,348,730,1903,8,4,14,0,1,0,1
557,1,1.6,0,0,0,24,0.5,125,3,0,1131,1315,1305,12,8,3,1,0,1,0
917,1,0.5,0,1,1,31,0.5,88,6,2,423,909,3424,19,2,13,1,1,0,3
1290,0,0.5,0,0,0,3,0.1,143,6,4,600,1109,1214,9,8,15,0,1,1,1
1874,1,0.6,0,1,0,19,0.8,192,2,9,1238,1418,1218,15,10,17,0,1,0,1
932,1,0.5,0,1,1,60,0.7,104,4,2,268,1078,1459,6,1,19,1,1,0,0
1571,0,1.4,0,0,1,19,0.1,100,6,1,713,1398,666,12,10,13,1,1,0,0
608,1,0.5,1,0,0,64,0.9,94,4,0,4,1351,2517,16,8,7,1,1,1,1
1454,0,1.4,1,8,0,37,0.8,80,8,20,903,910,1713,16,0,19,0,0,0,1
1522,0,2.2,0,4,0,21,0.7,162,6,11,533,1696,3767,15,9,16,0,0,1,3
1156,0,0.5,0,6,0,61,0.1,89,7,9,1214,1262,1796,16,6,13,0,1,1,1
1312,0,0.5,1,0,1,28,0.8,163,2,0,1233,1854,1087,17,16,14,1,0,0,1
790,0,2.0,1,16,1,11,0.3,87,6,17,347,730,3169,6,1,2,1,0,1,2
1308,0,1.9,0,0,1,61,0.7,106,3,7,59,1215,3355,15,2,4,1,0,1,3
1444,0,0.6,0,2,0,48,0.5,82,5,17,1092,1554,2540,17,2,15,1,1,1,3
1101,0,1.8,0,0,0,31,0.2,148,2,7,387,1269,2196,12,6,19,0,1,1,1
1429,0,0.6,0,8,0,42,0.9,151,5,9,670,1552,1817,6,1,16,1,0,0,1
586,0,0.5,1,1,0,57,0.3,188,2,5,1226,1389,3646,15,4,11,1,1,1,3
1280,1,1.3,0,0,1,39,1.0,108,7,1,356,588,2335,6,4,2,1,0,1,1
511,1,0.6,1,12,0,50,0.1,175,3,16,140,622,1484,9,7,8,1,0,0,0
510,0,2.6,0,0,0,33,0.1,110,6,10,1052,1897,1693,6,2,5,0,1,0,1
1949,1,0.5,1,2,1,31,0.1,145,5,9,837,1182,832,7,3,19,1,0,0,1
502,0,1.5,1,7,0,37,0.2,199,2,12,705,1810,1649,6,1,14,0,1,0,1
1224,0,0.5,0,16,1,6,0.4,109,6,18,747,826,506,10,0,11,1,1,1,0
1089,0,1.4,1,10,0,2,0.1,153,7,20,211,1409,2620,7,5,13,1,0,0,2
936,0,0.5,1,14,1,14,0.1,164,3,17,150,1677,3761,13,1,12,1,0,0,3
765,0,2.9,0,0,1,18,0.1,153,7,0,6,793,1066,11,1,16,1,1,0,0
1476,0,0.5,0,0,1,43,0.7,148,2,2,1789,1972,3644,15,10,6,1,0,1,3
1261,1,0.5,1,0,1,11,0.2,90,4,0,858,1591,348,14,9,14,1,0,1,0
1820,1,1.4,0,5,0,51,0.9,163,7,10,202,1884,2481,11,9,11,0,0,0,2
1029,1,1.9,1,5,1,5,0.2,171,5,8,264,956,582,15,7,4,1,1,1,0
1487,0,1.5,0,5,1,42,0.8,120,2,7,857,989,2003,12,4,3,1,0,0,2
1886,0,0.5,0,0,1,24,0.4,112,3,1,809,1958,1179,16,7,20,1,0,1,1
1977,0,1.3,1,2,0,31,0.4,173,8,6,1145,1356,2641,8,2,7,0,0,0,3
1117,1,0.6,1,0,0,31,0.2,146,2,7,1258,1627,2003,8,7,14,0,1,1,2
1934,1,2.6,1,0,1,46,0.1,103,1,17,619,1299,2940,13,9,2,1,1,1,3
1699,1,0.5,0,16,0,21,0.1,156,4,20,105,1099,1181,16,0,18,1,1,0,1
1811,1,2.0,0,3,1,22,0.2,82,2,8,358,614,2847,9,2,4,1,0,1,2
731,1,0.5,1,0,1,28,0.5,130,8,0,424,1032,1774,12,8,10,1,0,0,1
1281,1,2.3,1,0,0,28,0.3,148,1,6,1285,1617,1129,12,1,6,0,1,0,1
640,0,0.6,0,0,0,20,0.1,163,4,15,710,1179,2844,7,5,18,1,1,0,2
890,1,2.2,1,4,0,44,0.5,198,8,13,1074,1873,751,7,3,3,0,0,0,0
909,1,0.5,1,9,0,30,0.4,97,3,10,290,773,594,12,0,4,1,1,1,0
820,0,0.5,1,2,0,58,0.3,160,4,4,468,694,1284,17,7,17,0,0,1,0
1715,1,0.5,1,1,1,18,0.1,96,6,3,674,1375,2598,17,2,3,1,0,0,3
834,0,0.5,0,2,1,27,0.2,123,1,16,1421,1463,1591,11,9,20,1,1,0,1
1889,0,2.8,0,5,1,31,1.0,132,1,10,170,1106,3672,5,1,3,1,1,1,3
1546,1,0.5,1,3,1,6,0.2,101,1,4,91,1317,3521,15,11,9,1,0,0,3
936,0,1.0,0,1,0,18,0.2,153,3,18,1330,1686,2391,12,6,3,1,1,1,2
1142,1,1.1,0,0,1,6,0.5,198,4,0,739,1766,1273,19,0,6,1,0,0,1
802,1,2.4,1,1,0,45,0.8,157,3,9,1299,1633,3713,8,3,8,0,0,0,3
1077,0,2.5,1,0,1,45,1.0,174,3,4,897,1304,1965,6,2,6,1,1,0,1
908,0,2.1,0,1,0,44,0.6,95,5,2,154,941,3518,16,12,7,1,1,1,3
675,0,2.4,0,1,0,42,0.6,187,7,2,482,874,2953,9,5,13,1,1,0,2
1220,1,2.8,0,1,0,54,0.7,109,7,20,383,1249,1037,6,4,15,1,0,0,0
742,1,2.3,0,0,0,21,0.7,104,8,1,875,925,331,11,8,7,1,0,0,0
1023,1,2.3,1,5,1,30,0.2,80,8,7,5,1744,2086,10,0,19,1,1,1,1
1136,0,0.5,0,0,1,9,0.9,150,6,2,1307,1767,2110,9,5,16,1,0,1,2
1763,0,0.5,1,12,0,10,0.2,184,3,19,238,1893,792,17,12,13,1,0,1,0
1137,0,2.2,0,6,1,3,0.9,173,5,7,1250,1285,316,15,14,17,1,0,0,0
1784,0,1.6,0,4,0,41,0.4,164,6,20,610,1437,2313,14,1,11,0,1,0,2
1589,1,0.6,1,0,1,58,0.9,85,7,7,319,1206,3464,19,10,6,1,1,1,3
1606,1,0.5,1,0,1,33,0.9,200,5,0,157,770,3437,11,1,2,1,0,0,3
921,1,2.2,1,12,1,10,0.1,170,7,18,1272,1469,3153,8,2,11,1,1,0,3
1288,0,2.8,1,15,0,50,0.1,121,2,20,1177,1809,3129,17,6,2,0,0,0,3
1569,0,0.8,1,8,0,59,0.9,111,3,16,1261,1383,3672,15,2,15,1,0,1,3
688,0,2.5,1,0,0,57,0.8,131,7,3,426,1964,3745,17,1,4,0,1,0,3
1015,1,0.8,0,5,0,12,0.5,102,3,14,335,679,2293,5,1,2,0,1,0,1
1004,0,1.6,1,0,1,30,1.0,160,8,1,62,581,1012,7,4,13,1,1,1,0
1359,0,0.6,0,4,0,59,0.3,86,2,6,1692,1902,3142,19,3,17,0,1,1,3
623,1,0.8,0,6,1,26,0.3,197,7,12,484,1238,1769,10,1,16,1,0,0,1
1936,0,2.1,1,10,1,46,0.6,104,3,20,667,1036,2552,14,7,13,1,0,0,2
1826,1,0.5,1,5,1,49,0.6,172,8,6,973,1633,1612,17,9,17,1,1,0,2
1108,1,2.9,0,10,0,52,0.1,183,2,12,130,1706,3264,16,1,13,0,1,1,3
1762,0,0.6,0,3,1,26,0.1,83,6,14,525,704,2661,9,7,4,1,1,0,2
1702,0,1.0,0,7,0,36,0.1,177,5,9,1240,1931,1430,8,6,10,0,0,0,2
1862,0,1.5,0,1,0,62,1.0,182,1,2,386,1046,1017,11,3,9,1,0,0,1
1965,1,2.6,1,0,0,39,0.2,187,4,3,915,1965,2032,11,10,16,1,1,1,2
1396,0,1.5,1,0,1,44,0.1,118,6,1,173,1843,1386,7,1,8,1,1,1,1
1472,1,2.3,0,6,0,61,0.1,168,6,19,710,1052,2677,19,15,8,1,0,0,2
1451,1,0.5,0,5,1,57,0.6,181,8,12,812,1456,3038,15,7,18,1,0,1,3
1439,0,0.9,0,12,1,20,0.8,147,1,17,626,932,1790,19,12,15,1,0,1,1
528,0,1.7,0,12,1,6,0.8,142,2,15,574,637,3256,9,8,6,1,1,0,2
1971,1,0.5,1,0,0,40,0.3,186,7,19,485,922,571,8,7,17,1,1,0,0
814,1,1.1,1,2,0,41,0.8,177,2,10,1092,1406,1944,16,6,12,1,0,0,1
1572,1,0.8,1,7,1,8,0.8,169,5,8,577,1237,3461,6,3,10,1,1,1,3
1836,1,1.7,1,3,0,26,0.1,134,6,16,408,1139,3097,5,0,18,0,1,0,3
1449,1,0.5,1,0,0,52,0.6,105,6,0,211,947,2036,5,1,10,0,1,0,1
560,0,0.5,1,15,0,50,0.3,159,2,20,1448,1613,2150,18,12,11,1,1,0,2
1242,0,1.1,1,0,0,10,0.6,165,2,1,459,1225,1050,11,1,4,1,0,1,0
1583,1,1.6,0,5,1,42,0.8,118,3,10,275,862,3652,14,10,9,1,0,0,3
1945,0,1.6,0,4,0,21,0.7,113,3,10,280,895,3015,6,1,15,0,0,0,3
601,0,2.1,0,4,0,26,0.3,101,4,18,509,548,918,9,1,12,0,0,0,0
726,0,2.2,0,0,1,40,0.8,94,4,20,323,978,1342,16,11,4,1,1,1,0
721,1,1.3,1,10,0,16,0.9,125,1,18,408,1862,1713,10,3,4,0,1,1,1
1161,0,1.3,1,0,1,21,0.6,126,8,12,308,1169,3336,6,4,14,1,0,1,3
1039,0,0.5,1,8,0,47,0.2,130,8,9,384,1878,1742,18,12,15,1,0,0,1
1254,1,2.3,0,0,1,44,0.2,149,1,10,204,1021,3011,7,4,12,1,1,0,2
563,0,2.0,1,3,0,47,0.3,115,7,12,211,684,3012,14,4,15,1,0,0,2
896,0,1.0,1,3,1,4,0.3,111,1,4,1379,1469,1060,12,10,4,1,1,1,1
609,0,0.5,0,3,0,26,0.3,93,4,4,938,1948,1866,11,10,14,1,1,1,1
1136,1,1.6,0,15,0,32,0.5,150,6,19,961,1030,3210,10,3,8,1,1,1,3
712,1,1.6,0,6,1,9,0.8,172,2,14,881,1234,3612,13,5,4,1,0,0,3
1009,1,2.8,1,7,1,2,0.6,115,7,15,267,1841,2286,19,8,13,1,0,0,2
1929,1,0.5,1,0,1,19,1.0,163,6,2,349,1051,1913,12,7,6,1,1,0,1
1660,0,0.5,0,2,1,15,0.7,100,8,8,440,569,2424,12,5,9,1,1,0,2
984,0,0.5,1,3,1,9,0.8,140,3,20,531,707,841,18,15,16,1,0,0,0
1281,1,2.8,1,3,1,8,0.3,144,4,19,590,954,1851,8,2,9,1,1,0,1
947,1,0.5,0,1,1,51,0.1,144,2,15,193,887,2915,17,1,6,1,1,1,2
651,1,0.8,1,2,1,63,0.2,176,5,4,548,858,2244,14,9,19,1,1,0,1
509,1,0.6,1,2,1,9,0.1,93,5,15,1137,1224,513,19,10,12,1,0,0,0
969,0,1.8,1,2,1,44,0.6,158,3,7,167,909,641,9,1,8,1,0,1,0
603,1,2.5,1,3,0,35,0.7,126,3,16,692,1057,3703,13,1,9,0,0,1,3
840,0,0.9,1,6,0,33,0.7,150,6,7,1482,1591,2072,10,8,19,0,1,0,2
1823,0,2.8,1,11,0,10,0.6,81,8,19,362,1250,1812,5,0,19,1,1,1,2
674,1,2.9,1,1,0,21,0.2,198,3,4,576,1809,1180,6,3,4,1,1,1,0
797,0,2.2,1,0,0,37,0.9,144,7,2,206,1167,2216,9,5,6,1,0,0,1
512,1,0.5,1,7,0,15,0.9,83,3,15,249,1849,2610,18,14,15,0,1,1,2
1717,1,1.3,0,1,0,62,0.7,130,1,3,609,810,3226,6,4,5,0,1,0,3
1345,1,3.0,0,7,1,38,0.1,162,3,11,512,1465,1322,9,2,15,1,0,0,1
808,0,2.3,0,3,0,45,0.8,161,1,9,526,1324,3431,15,6,13,0,1,1,3
1057,0,2.1,0,4,0,5,0.5,154,5,13,416,1055,3705,6,4,13,1,0,0,3
1126,0,0.7,0,3,0,49,0.9,165,8,17,114,1726,3739,14,1,13,1,0,0,3
1056,1,2.1,1,8,1,37,0.7,101,3,11,914,979,2651,15,5,3,1,1,1,2
863,0,1.6,1,5,1,6,0.7,133,4,13,717,1799,520,10,2,18,1,0,1,0
930,1,1.3,1,1,1,14,0.4,97,6,10,77,1025,2457,11,7,17,1,1,0,1
1688,0,2.5,0,0,1,21,0.2,170,7,0,650,864,3984,17,14,8,1,1,1,3
1802,1,1.2,1,8,0,27,0.5,116,5,16,453,963,1885,10,9,7,1,1,0,2
1201,1,0.5,0,1,1,10,0.4,198,6,5,1151,1723,726,11,4,3,1,1,0,0
1577,0,0.5,1,0,1,42,0.3,197,5,4,1045,1737,2060,19,6,12,1,0,0,2
757,1,0.9,1,4,0,64,0.5,157,7,5,114,819,3433,6,5,10,1,1,0,2
1793,0,1.8,1,10,0,12,0.5,169,6,17,1086,1418,3533,16,14,15,1,1,1,3
1224,1,1.6,0,9,0,33,1.0,157,1,18,522,563,3796,10,5,13,1,1,0,3
1441,0,2.1,1,11,1,3,0.1,118,8,17,577,1071,2317,16,4,7,1,0,1,2
1020,1,0.7,1,3,1,27,0.7,128,4,4,919,1482,3204,18,1,9,1,0,1,3
1028,1,2.8,0,1,1,30,0.1,193,1,10,1801,1923,1424,18,4,13,1,0,1,1
718,0,2.8,0,10,0,59,0.8,113,6,13,1185,1387,1824,11,9,3,1,1,0,1
1134,1,0.9,0,2,1,13,0.4,92,4,19,18,903,3632,17,8,19,1,1,0,3
712,1,0.5,1,3,1,35,0.2,84,2,10,558,1208,2190,16,12,4,1,1,1,1
1239,0,1.2,1,5,1,52,0.9,122,2,10,590,661,417,8,0,6,1,0,1,0
972,1,1.3,0,8,0,44,0.7,82,7,10,297,589,3925,7,6,7,0,1,0,3
730,0,2.1,1,0,1,4,0.1,89,8,2,302,1247,1210,19,15,4,1,1,1,0
1648,0,0.7,0,6,1,64,0.8,170,4,9,1153,1876,610,8,1,6,1,1,0,1
1027,0,0.5,0,2,1,64,0.9,103,2,7,1698,1747,3786,17,12,12,1,0,0,3
1219,0,1.0,1,0,0,17,0.7,196,5,4,473,1022,705,11,3,6,0,1,1,0
768,1,0.9,0,16,1,56,0.1,113,1,20,418,515,952,19,3,16,1,0,1,0
606,0,2.5,0,1,1,53,0.2,146,4,2,465,1152,1223,19,12,7,1,0,0,0
748,0,1.4,0,0,0,25,1.0,110,7,14,88,709,1974,17,5,13,0,1,1,1
911,1,2.9,0,0,0,46,0.1,181,5,1,461,670,363,9,5,17,0,1,0,0
786,0,2.2,1,0,0,33,0.5,141,7,6,507,1697,2390,12,11,5,1,0,1,2
1515,1,2.1,1,4,1,24,0.9,176,5,6,747,1247,3104,6,5,20,1,0,0,3
595,0,2.6,0,0,1,20,0.4,122,2,18,623,816,1593,19,11,2,1,0,1,0
1503,1,0.7,0,10,1,43,0.2,166,4,14,841,1304,2122,15,1,2,1,0,0,2
740,0,1.8,0,1,0,12,0.2,123,1,11,935,1147,1105,7,6,19,0,1,1,0
571,0,1.6,1,8,0,35,0.2,186,7,20,177,1282,2598,13,5,8,1,1,0,1
775,0,1.0,0,3,0,46,0.7,159,2,16,862,1864,568,17,15,11,1,1,1,0
1284,1,2.8,1,0,0,10,0.9,155,2,14,160,516,2197,16,2,9,0,1,1,1
1564,0,2.3,0,4,1,25,0.5,189,6,17,1259,1965,1496,6,4,7,1,1,1,1
1718,1,2.5,1,14,1,6,0.1,183,5,16,564,980,3755,7,1,8,1,1,1,3
539,0,2.0,1,1,0,24,0.5,86,4,2,958,967,1326,7,4,3,1,1,0,0
1552,0,1.2,0,10,1,53,0.3,180,8,18,430,658,2606,13,6,12,1,0,0,2
1092,1,0.5,1,10,0,11,0.5,167,3,14,468,571,737,14,4,11,0,1,0,0
1719,1,2.1,1,0,0,52,0.1,187,3,1,417,520,2610,10,1,11,1,1,1,2
694,1,1.8,1,15,0,36,0.4,193,4,20,983,1230,3676,12,8,5,1,0,1,3
920,1,0.5,0,2,0,46,0.8,149,3,3,1058,1421,2608,6,0,2,0,0,1,2
1048,1,0.9,0,10,1,28,0.8,194,2,19,966,1975,1458,5,1,15,1,0,1,1
1695,0,2.3,1,1,0,34,0.4,84,5,10,713,1742,3296,17,6,14,0,0,0,3
1289,0,0.8,1,3,1,16,0.9,161,6,17,713,1854,3167,14,8,20,1,1,0,3
1187,0,2.3,0,0,1,21,0.2,122,6,6,215,1125,2547,10,3,5,1,1,0,2
1974,0,0.5,1,9,0,10,0.8,145,6,12,530,1496,1433,6,1,17,0,0,0,1
1313,1,1.8,1,4,0,9,0.4,105,1,6,416,1308,3791,11,10,6,0,1,1,3
826,1,2.4,1,0,1,58,0.3,88,4,1,179,786,2863,9,3,18,1,0,1,2
1793,0,0.7,1,11,0,27,0.4,154,5,13,586,722,1370,16,3,19,1,0,1,1
1975,1,1.9,1,2,0,31,0.9,151,1,17,775,1607,3022,13,5,19,0,0,1,3
1948,0,2.8,1,8,0,16,0.1,100,5,10,631,1940,3630,9,7,17,0,1,0,3
1868,1,0.5,0,2,1,40,0.9,179,8,17,576,884,298,8,2,17,1,1,0,0
1433,0,1.6,0,7,0,4,0.7,133,8,11,281,799,258,11,9,4,1,1,1,0
827,0,1.1,1,2,1,18,0.9,160,2,16,448,821,1663,14,0,17,1,1,1,0
915,0,2.0,0,8,1,31,0.3,91,3,20,875,1316,378,11,6,9,1,1,0,0
1616,1,2.3,1,3,0,52,0.1,100,5,8,151,1133,657,7,3,2,1,1,0,0
867,0,1.4,1,0,1,4,0.7,135,6,1,70,1974,790,13,6,3,1,1,0,0
879,1,2.5,0,11,1,14,0.7,83,6,15,403,1105,349,16,10,2,1,0,1,0
1745,0,1.5,1,4,1,57,0.1,159,3,16,1164,1908,2885,13,11,5,1,1,1,3
696,0,0.5,0,6,0,51,0.3,197,3,8,649,907,2630,18,8,9,0,0,1,1
1445,1,0.5,0,0,0,53,0.7,174,7,14,386,836,1099,17,1,20,1,0,0,0
1919,0,1.5,0,5,1,48,0.8,150,4,6,304,1191,1391,19,13,12,1,0,1,1
598,1,0.8,1,8,1,62,0.1,117,8,9,118,764,3066,11,2,19,1,1,0,2
1770,1,2.3,0,0,0,9,0.6,183,6,5,1098,1373,3785,13,10,14,1,0,1,3
1949,0,1.8,0,0,0,20,0.8,186,5,4,518,592,1125,17,10,9,0,0,0,1
732,1,2.3,1,7,1,39,0.6,188,7,11,1163,1554,3681,19,3,15,1,1,1,3
1456,1,0.5,1,7,0,7,0.4,105,5,12,823,1104,1587,6,5,20,1,0,1,1
1117,1,0.5,1,2,0,21,0.1,177,2,19,495,1035,1999,15,9,2,1,0,1,1
1868,0,2.0,1,0,1,42,0.2,169,1,4,347,660,3131,8,3,7,1,1,1,3
803,1,2.1,0,7,0,17,1.0,198,4,11,344,1440,2680,7,1,4,1,0,1,2
1331,1,1.6,0,0,0,16,0.5,165,2,7,1109,1226,1026,13,5,20,1,0,1,1
794,0,2.5,1,15,0,14,0.6,197,3,19,312,1376,2171,19,8,18,0,0,1,1
930,1,1.0,1,4,1,4,0.9,144,8,10,1017,1289,2016,13,10,16,1,1,1,1
783,0,1.8,1,0,1,43,1.0,106,3,4,1198,1471,2016,16,4,18,1,1,0,1
1757,0,0.5,0,8,0,49,0.5,180,6,14,265,713,2056,7,5,4,0,0,0,1
1472,0,2.8,1,1,0,36,0.5,130,6,10,1452,1744,985,12,11,7,1,1,0,1
1188,1,1.5,1,0,0,54,0.3,198,6,2,1150,1469,485,12,7,7,0,1,0,0
1068,0,2.0,1,1,1,37,0.9,184,7,13,186,1998,1803,5,4,7,1,0,0,1
1308,0,1.3,1,8,0,46,0.9,199,1,12,275,989,488,5,3,9,0,1,0,0
1561,0,0.5,1,10,1,4,0.5,134,2,13,885,1811,1783,13,12,10,1,1,0,2
1104,0,1.7,0,1,1,60,0.4,199,2,13,653,1413,1229,6,0,3,1,1,1,0
1949,0,2.6,1,4,0,47,0.3,199,4,7,407,822,1433,11,5,20,0,0,1,1
1379,0,1.1,1,1,1,18,0.2,129,2,16,838,885,2358,10,5,15,1,1,0,2
774,1,0.6,1,2,1,8,0.4,136,1,4,1713,1865,2614,7,0,14,1,1,1,2
527,0,0.7,1,4,0,53,0.9,128,1,11,67,1924,1302,13,7,13,0,0,0,0
1444,1,2.1,1,0,0,6,0.9,103,1,1,1274,1340,712,17,5,10,0,0,0,0
1866,0,0.5,0,13,1,52,0.7,185,1,17,356,563,373,14,9,3,1,0,1,0
1054,0,1.1,1,10,1,38,0.4,136,6,12,1097,1222,1675,18,4,14,1,1,1,1
892,1,0.5,0,0,1,47,0.4,94,1,18,655,1782,1241,12,3,9,1,0,1,1
1816,1,1.6,1,0,0,50,0.1,186,5,2,800,1089,3637,11,7,16,0,0,1,3
1796,0,1.6,1,5,0,7,0.1,101,4,6,667,798,1642,9,4,3,0,1,1,1
1546,1,1.6,1,2,1,27,0.7,124,2,6,1138,1491,267,12,10,16,1,1,0,0
1061,1,2.1,0,3,1,52,0.1,109,7,4,138,1330,999,16,12,9,1,1,0,0
1068,0,0.5,1,0,1,19,0.9,197,8,9,322,875,1209,19,12,12,1,1,0,0
865,0,2.9,0,5,0,16,0.1,89,4,12,335,1009,3494,13,3,14,0,0,1,3
1742,1,1.6,0,3,0,49,0.8,100,1,9,1134,1469,1947,5,4,6,1,0,1,2
1680,1,1.2,1,6,1,37,0.7,168,4,7,679,1231,1459,15,3,2,1,1,0,1
1242,1,2.4,0,8,0,28,0.2,166,4,9,315,1796,318,11,10,19,1,0,0,0
537,1,2.0,0,1,1,55,0.3,103,7,2,1041,1430,2029,10,5,12,1,1,1,1
1448,1,0.5,1,6,1,45,0.8,138,7,11,570,1724,3378,13,11,2,1,1,1,3
1735,1,1.9,1,0,1,59,0.7,148,6,0,137,846,3230,6,1,9,1,1,0,3
1352,0,2.4,0,5,1,6,0.9,92,6,9,629,1299,1309,12,1,14,1,0,0,1
1697,1,0.7,0,1,1,34,0.1,95,1,3,236,1264,3701,15,9,8,1,1,0,3
1979,1,2.9,1,0,1,19,1.0,176,3,9,1331,1532,411,8,2,2,1,1,1,0
720,1,1.4,1,0,1,61,0.6,96,7,8,1347,1733,2799,5,3,15,1,0,1,3
1343,0,2.4,1,5,1,14,0.9,81,8,10,1063,1205,462,18,7,11,1,1,1,0
518,1,2.4,0,0,1,62,0.6,128,6,0,489,710,2514,16,12,7,1,1,1,1
833,1,2.2,0,4,0,27,0.9,124,1,6,359,1395,2150,9,5,7,0,1,1,1
764,1,1.2,1,1,0,13,1.0,152,8,2,361,511,3148,18,7,6,1,1,0,2
1428,1,1.6,0,0,0,7,0.1,153,4,2,584,983,1808,12,8,13,0,1,0,1
1595,1,2.6,0,7,0,12,0.3,121,8,19,344,655,3608,15,1,16,0,1,0,3
1206,0,3.0,1,10,1,30,0.6,127,3,13,1581,1713,1825,7,1,4,1,0,1,2
987,1,2.3,0,9,0,17,0.8,124,7,17,887,1274,3885,11,0,14,1,1,0,3
600,1,1.8,0,9,1,6,0.8,199,2,15,486,1032,3495,17,4,7,1,1,0,2
1221,0,0.5,0,1,1,28,0.5,139,1,7,1895,1976,2438,13,11,10,1,1,1,3
973,0,0.5,1,5,0,53,0.5,196,5,7,105,588,1861,13,10,16,0,1,0,1
599,1,2.9,0,0,1,64,0.3,186,8,1,103,646,3396,5,3,7,1,0,0,2
1410,1,0.5,1,0,1,15,0.3,92,3,1,192,1311,2304,18,4,18,1,1,0,2
1070,1,3.0,0,9,0,19,0.8,160,7,16,90,1614,2647,14,13,20,0,1,0,2
1396,1,0.6,0,0,0,37,0.7,134,4,15,560,1177,2694,18,3,19,0,0,1,2
668,0,0.5,1,0,0,3,0.1,155,5,13,666,1203,2746,9,5,8,1,1,1,2
1178,0,2.2,1,6,0,57,0.3,84,3,17,96,1352,2492,16,14,10,1,1,0,2
977,1,2.8,1,2,0,35,0.6,165,2,15,1502,1862,3714,19,3,10,0,1,1,3
885,0,2.3,1,0,1,15,0.4,103,7,0,769,802,1410,16,10,5,1,1,1,0
1844,1,2.3,1,1,0,51,0.7,158,8,3,533,882,1724,5,1,14,0,1,1,1
956,0,1.9,1,1,0,42,0.1,133,7,11,403,1614,3700,10,0,7,1,1,0,3
1517,0,0.5,0,6,1,48,0.6,143,5,14,802,1489,2822,15,5,11,1,1,1,3
972,1,2.7,1,1,0,5,1.0,126,4,2,687,816,3035,12,7,19,1,0,1,2
826,0,0.6,0,3,0,62,0.7,187,4,19,778,1615,1998,17,4,17,0,0,0,1
601,1,1.4,0,4,1,4,0.1,154,4,13,356,765,532,12,8,10,1,1,1,0
959,1,2.6,1,15,0,20,1.0,84,4,19,561,1631,3965,16,1,6,1,0,0,3
1540,0,0.7,1,1,0,60,0.8,197,7,12,704,822,1591,19,0,2,1,0,1,1
1528,1,1.8,1,3,1,55,0.8,129,5,6,454,1762,1282,11,9,11,1,1,1,1
558,1,2.8,0,1,1,49,0.8,142,5,4,997,1605,392,10,5,8,1,1,1,0
856,0,1.9,1,0,1,14,0.6,115,1,7,395,1027,2439,6,3,12,1,1,1,1
1544,0,2.3,0,12,1,45,0.1,113,8,20,236,857,1300,8,7,18,1,1,0,1
1299,1,2.8,1,0,0,64,0.5,83,6,6,46,908,1938,19,8,5,1,0,1,1
724,0,2.7,1,0,0,44,0.5,187,7,0,1273,1754,2311,7,6,7,1,0,0,2
1248,0,2.4,0,6,1,9,0.4,89,3,8,71,1686,2454,9,8,13,1,1,0,2
1137,1,1.0,0,18,0,7,1.0,196,3,19,942,1179,3616,13,5,12,1,1,1,3
1867,0,2.3,0,0,1,9,0.1,191,6,3,712,1442,990,6,1,2,1,0,1,1
1970,1,0.5,1,0,1,15,1.0,132,2,0,1399,1684,1658,15,9,20,1,1,1,2
1314,0,2.9,1,8,1,41,0.1,155,4,12,113,577,626,10,4,4,1,1,1,0
1758,1,0.5,0,11,1,13,0.6,190,8,14,762,1864,1897,6,2,15,1,0,0,2
1829,0,1.7,0,0,0,36,0.8,112,5,1,291,563,1475,11,4,7,0,0,0,1
1417,1,0.5,0,10,1,45,0.9,166,4,19,364,1029,2129,13,9,12,1,0,1,1
1667,0,1.0,1,0,1,21,0.9,138,2,0,1211,1396,635,17,7,15,1,0,0,0
1306,1,2.1,1,2,1,33,0.4,174,3,9,867,1258,2521,6,5,16,1,0,0,2
660,0,0.5,0,5,1,40,0.5,111,2,10,262,1178,588,6,5,18,1,1,1,0
1835,1,2.3,0,4,1,11,0.1,193,7,13,385,583,448,18,17,14,1,0,0,0
772,1,1.2,1,7,1,8,0.6,134,7,8,552,1802,422,7,6,15,1,0,0,0
1266,0,1.9,1,0,1,7,0.2,184,3,12,346,1468,2532,10,5,4,1,1,1,2
894,0,0.9,0,5,1,54,0.2,130,3,15,104,541,2829,11,5,13,1,0,1,2
1065,0,2.8,1,0,1,21,0.1,158,5,3,760,1722,1193,16,13,20,1,0,1,1
840,0,0.6,0,0,1,63,0.8,137,7,19,987,1081,3486,12,8,18,1,1,0,3
1876,0,1.3,1,9,1,64,1.0,98,3,19,600,1211,3132,17,0,2,1,1,1,3
1358,0,2.5,1,0,0,20,0.6,135,7,0,1485,1655,3406,5,1,11,0,0,1,3
991,0,2.0,0,2,1,12,0.3,158,5,6,1209,1678,2014,11,9,10,1,0,0,2
745,1,0.6,1,5,0,35,0.8,102,8,10,89,1538,2459,14,1,16,1,1,0,1
707,0,0.5,0,0,1,16,0.1,194,2,0,1027,1508,1853,17,14,12,1,1,1,1
1285,0,2.4,0,1,1,51,1.0,140,7,2,475,500,2094,8,0,10,1,0,0,1
1665,1,0.5,0,3,1,60,0.2,194,6,18,1572,1684,1601,18,17,14,1,0,0,2
904,0,2.7,1,4,0,19,0.6,147,6,7,1094,1496,545,19,18,16,0,0,0,0
643,1,0.7,1,3,1,23,0.8,156,1,9,314,1400,2096,13,6,2,1,0,0,1
1332,0,0.8,1,2,0,11,0.5,187,2,4,758,1165,1285,5,0,9,1,1,0,1
594,0,0.8,0,2,1,28,0.1,132,5,3,1011,1263,3087,16,4,4,1,1,1,2
1659,1,2.5,0,2,0,41,0.1,88,7,18,787,1515,545,12,0,9,0,1,1,0
771,1,0.5,1,0,1,33,0.1,157,3,17,776,1247,920,16,2,10,1,1,1,0
819,0,0.6,1,8,1,42,0.9,188,6,20,339,1242,1814,5,4,13,1,0,1,1
1851,0,2.9,0,0,0,53,0.7,112,6,2,174,1175,2678,6,0,8,1,0,0,2
1918,0,1.9,0,2,0,10,0.6,110,5,10,1170,1543,1717,7,1,16,1,1,1,2
635,1,0.5,0,9,0,16,1.0,110,7,17,599,1299,2452,19,17,8,1,0,0,2
1250,1,1.4,0,8,0,44,0.2,182,7,20,703,1011,1882,14,1,14,0,0,0,1
913,0,1.7,1,1,1,41,0.3,103,1,14,431,1144,2278,15,3,18,1,1,0,1
1245,1,0.6,0,2,0,30,0.7,105,5,3,330,1434,2676,17,8,7,1,0,0,2
1430,1,0.9,0,3,0,56,0.1,179,3,5,569,906,752,17,8,17,0,0,1,0
587,1,2.3,1,4,0,6,0.7,170,1,16,612,1793,2777,9,2,14,1,1,0,2
1395,0,1.8,1,0,0,23,0.1,111,3,1,213,705,2571,11,0,13,1,0,1,2
1496,1,1.3,1,0,1,6,0.5,85,3,9,549,1383,3571,16,1,11,1,1,1,3
826,0,0.5,1,0,1,57,0.5,135,2,0,354,530,323,17,3,7,1,0,1,0
1122,0,1.2,0,9,0,2,0.6,120,4,14,331,790,3291,11,2,13,1,1,1,2
723,1,1.9,0,4,0,30,0.3,102,1,7,1467,1901,2339,19,9,17,0,1,1,2
767,0,0.8,0,7,1,10,0.5,107,4,12,517,1995,2317,6,0,12,1,1,1,2
553,1,2.2,1,0,1,18,0.7,136,2,1,1287,1892,3300,12,10,20,1,0,0,3
835,0,0.8,1,2,1,42,0.8,128,5,18,396,1378,2583,15,2,13,1,1,1,2
1110,0,1.5,0,2,1,12,0.3,153,8,5,961,1950,624,9,7,15,1,0,0,0
934,0,2.0,1,2,0,30,0.7,182,8,15,521,1190,703,10,8,7,0,0,1,0
1072,1,2.2,1,6,0,19,0.4,114,8,16,380,877,2715,15,9,16,0,1,0,2
578,1,2.6,1,2,1,57,0.2,162,8,8,1025,1433,1270,15,3,5,1,0,1,0
1212,0,2.6,0,1,1,46,0.3,102,4,8,611,1715,2249,14,3,4,1,1,1,2
648,1,0.5,1,9,1,54,0.4,109,5,20,1153,1817,3124,5,0,13,1,0,0,3
721,0,0.5,1,6,1,6,0.4,194,4,9,1446,1988,530,8,4,8,1,0,1,0
1825,0,1.1,1,13,1,17,0.1,157,4,18,1621,1773,3130,12,4,2,1,0,1,3
535,0,1.9,0,5,0,24,0.2,190,8,19,398,1775,524,9,3,4,0,0,0,0
587,1,2.5,0,16,1,51,0.6,111,1,17,244,1361,2746,10,4,7,1,0,1,2
590,1,1.2,1,0,0,32,0.4,141,6,1,227,509,1817,10,0,6,0,1,0,0
600,0,0.5,0,1,0,48,0.8,191,3,7,501,1465,3393,12,7,8,1,0,0,2
851,0,0.5,0,3,0,21,0.4,200,5,7,1171,1263,478,12,7,10,1,0,1,0
1341,1,2.1,1,0,0,36,0.4,107,8,1,473,574,2200,18,14,15,0,1,0,1
1871,0,2.1,0,4,1,41,0.4,144,8,5,275,1966,2727,15,8,11,1,0,0,3
761,1,0.5,0,9,0,3,0.8,196,7,15,1325,1945,2248,19,3,15,1,1,1,2
1994,1,0.8,1,2,1,7,0.6,88,8,4,667,711,454,11,8,6,1,1,0,0
1890,0,1.1,0,4,1,48,0.5,127,4,5,1438,1832,2392,10,4,15,1,0,1,3
659,0,1.4,1,2,1,3,0.1,85,8,6,190,657,967,10,1,14,1,0,1,0
643,0,1.0,0,9,1,18,0.2,187,8,12,442,1079,2648,7,5,18,1,1,1,1
708,1,2.7,1,0,1,63,1.0,195,8,7,78,654,2169,6,5,7,1,1,1,1
1183,1,0.5,1,3,1,48,0.1,120,8,12,268,1010,1152,8,3,3,1,0,0,0
1130,1,2.5,0,4,1,58,0.1,132,5,14,88,1261,1018,17,1,16,1,0,0,0
1086,1,1.7,1,0,1,43,0.2,111,6,1,56,1150,3285,11,5,17,1,1,0,2
1652,1,1.1,1,1,0,36,0.7,89,4,5,313,1264,2338,12,8,20,0,0,0,2
574,0,2.8,1,16,0,38,0.1,90,6,17,286,1171,3269,8,7,10,0,1,0,2
1647,0,1.4,1,3,1,38,0.3,102,6,15,193,1185,2532,16,14,15,1,0,1,2
1264,0,2.9,1,2,1,34,0.2,171,3,3,562,849,419,7,4,3,1,1,1,0
525,0,2.4,1,11,0,35,0.8,190,7,20,82,670,1609,16,11,3,0,0,0,0
612,1,0.5,1,1,1,20,0.8,179,8,6,1145,1487,3282,16,2,18,1,1,1,3
633,1,1.4,0,0,1,46,0.7,102,6,10,709,1915,1401,19,14,11,1,1,0,1
1261,0,0.5,0,3,1,52,0.3,86,2,9,605,1429,1365,9,3,16,1,0,1,1
1731,1,2.3,1,18,0,60,0.5,171,4,20,142,1039,1220,9,3,20,0,1,0,1
965,1,1.4,0,1,0,13,0.9,197,8,2,645,1275,2343,17,12,15,1,0,0,2
1366,1,1.7,1,5,1,53,0.2,161,5,9,647,1876,3869,17,5,14,1,0,1,3
1509,0,0.6,1,5,0,50,0.3,81,4,8,1010,1684,1540,12,8,3,1,1,0,1
648,0,1.9,1,4,0,8,1.0,91,5,19,819,1997,2991,8,7,4,0,0,1,2
875,1,1.4,1,1,1,43,0.6,104,8,3,902,969,3396,14,2,18,1,0,0,3
1811,1,2.5,0,4,1,5,0.6,98,4,16,447,568,2700,13,7,8,1,1,1,2
891,0,1.9,1,1,1,18,0.1,153,6,3,40,1435,1303,17,16,4,1,1,1,0
1617,1,2.4,0,8,1,36,0.8,85,1,9,743,1426,296,5,3,7,1,0,0,0
1117,0,0.5,0,1,0,12,0.6,144,7,8,798,817,2895,7,6,16,1,1,0,2
708,0,1.9,0,0,0,26,0.3,116,7,1,206,620,1419,10,6,16,1,1,1,0
922,0,1.5,1,1,1,35,0.9,188,7,15,1016,1383,1165,19,6,4,1,1,1,0
1408,1,2.5,0,3,0,32,0.1,151,4,6,875,982,3162,19,18,3,1,0,0,3
1860,1,2.3,0,15,0,23,0.6,162,4,16,1362,1506,3918,9,2,8,0,1,0,3
1030,1,0.5,0,4,1,37,0.7,147,1,8,503,551,2800,8,6,12,1,0,1,2
880,0,2.0,1,1,1,50,0.5,194,7,3,1116,1381,827,15,9,6,1,0,1,0
1384,1,2.8,1,15,0,60,0.1,82,3,18,983,1210,1221,18,12,15,1,0,1,1
841,1,0.5,1,8,0,39,0.1,199,6,13,546,828,2942,11,5,16,0,1,1,2
1538,1,2.3,0,6,1,13,0.2,121,7,7,567,986,1494,18,10,12,1,1,1,1
1938,1,0.5,1,5,0,44,0.5,121,2,9,1299,1935,3497,18,10,18,0,1,0,3
1656,0,1.0,0,5,1,34,0.1,166,3,7,880,1456,1629,15,12,14,1,1,0,1
514,1,1.6,0,7,1,37,0.1,172,1,9,956,1723,3392,12,8,5,1,1,1,3
1566,1,0.5,1,0,0,20,0.5,126,2,0,1603,1930,659,14,9,13,1,1,1,1
819,1,2.5,1,0,1,11,0.2,83,8,1,438,822,1094,10,5,15,1,0,0,0
1414,0,2.0,1,2,0,54,0.8,99,7,3,262,829,3799,17,7,7,1,0,1,3
1776,1,2.1,1,10,0,35,0.1,172,4,16,278,623,1813,16,13,20,1,1,1,1
1224,1,1.8,1,2,1,44,0.2,139,2,9,622,709,621,11,4,14,1,1,1,0
1470,1,1.7,1,6,0,45,0.1,121,1,9,777,1090,3259,10,1,14,1,0,1,3
1269,1,2.8,1,16,0,41,1.0,180,8,17,406,1036,2341,10,9,16,0,0,1,2
1699,0,0.5,1,1,0,59,0.5,97,4,3,466,1768,3796,17,10,12,0,1,1,3
1402,1,0.6,1,3,0,46,0.3,87,7,12,1081,1767,347,17,0,12,1,0,1,0
644,1,2.7,0,0,0,22,0.7,157,8,3,311,881,1262,12,1,15,1,0,0,0
807,0,0.5,0,9,0,8,0.3,158,5,20,667,697,1284,17,13,2,0,1,1,0
1872,1,0.5,1,14,0,49,0.2,139,7,18,81,1389,3153,16,15,5,1,1,0,3
809,0,0.8,0,10,0,21,0.9,91,7,19,1453,1726,1274,18,7,3,0,0,0,1
1632,1,1.4,0,0,0,41,0.1,132,4,1,706,1623,2614,5,4,15,1,0,0,2
1307,0,1.8,0,2,0,7,0.6,88,7,3,897,1103,1412,16,9,5,0,0,1,1
1368,0,3.0,1,10,0,50,0.2,97,7,18,698,829,2496,13,6,5,0,1,1,2
704,0,2.2,1,4,0,53,0.2,186,6,6,251,1013,3653,7,1,15,1,1,1,2
1391,0,1.4,0,2,1,36,0.8,182,1,6,14,1256,3139,14,7,14,1,1,0,2
1162,0,2.0,0,0,1,56,0.7,114,7,1,56,997,1652,5,0,20,1,0,0,1
1954,0,0.6,1,8,0,7,0.9,126,3,9,673,690,3438,17,12,13,1,0,0,3
561,1,2.1,1,7,1,2,0.1,193,3,13,1055,1294,665,10,0,4,1,1,0,0
1821,0,1.7,0,4,1,10,0.8,139,8,10,381,1018,3220,13,8,18,1,0,1,3
827,1,0.6,1,9,1,35,0.2,87,6,17,23,826,2367,5,3,15,1,0,1,1
550,1,0.5,0,16,1,23,0.1,145,2,17,486,1930,302,18,5,8,1,0,0,0
877,0,1.5,1,0,1,17,0.1,195,7,0,1064,1985,2004,11,8,9,1,1,1,1
568,0,2.0,0,1,0,36,0.3,179,3,4,181,1703,950,17,9,9,1,0,0,0
946,0,2.1,0,0,1,19,0.2,154,8,0,159,630,2104,7,4,16,1,1,0,1
829,0,0.5,0,0,0,56,0.6,129,7,1,91,1916,820,12,6,11,1,0,1,0
1325,0,1.9,0,2,0,50,0.1,146,1,10,499,695,2328,17,10,2,1,0,0,2
783,1,1.7,1,9,1,27,0.3,150,6,11,458,1263,1185,15,4,6,1,1,1,0
1726,1,0.9,1,2,0,51,0.6,193,4,3,379,1223,2239,13,9,13,1,0,1,2
1749,1,0.5,1,7,1,49,0.8,178,1,8,470,775,2195,5,4,4,1,0,1,2
1872,1,1.9,0,5,0,35,0.6,111,3,14,1546,1879,2419,15,5,19,0,0,0,3
511,0,0.7,1,1,1,52,0.7,180,2,10,24,759,3865,8,3,7,1,0,1,2
1515,0,2.6,0,0,1,56,0.9,184,3,1,1438,1593,262,14,4,20,1,1,0,0
1263,1,2.0,0,0,0,5,0.4,146,6,3,954,1609,1958,9,6,4,1,1,1,2
1103,0,1.0,1,6,0,29,0.7,111,6,8,990,1486,1837,8,7,16,0,1,1,1
582,0,0.5,0,8,0,32,0.7,107,3,11,1043,1702,2977,6,1,20,0,1,1,2
1317,0,1.5,0,6,0,12,0.1,154,2,9,431,542,425,7,0,11,1,1,1,0
1329,1,1.0,0,1,0,52,0.9,181,6,2,1053,1458,1228,8,6,6,1,0,1,1
1762,1,2.7,1,13,1,25,0.9,189,1,14,300,527,1896,14,10,20,1,1,1,1
1541,1,1.5,1,6,1,5,0.5,109,4,10,536,1656,1795,7,3,4,1,1,1,1
1900,1,2.0,1,1,0,41,0.5,190,8,6,912,1596,850,5,1,4,1,1,1,1
1910,0,1.4,0,0,0,29,0.6,146,7,2,333,639,2944,8,7,2,1,1,1,2
652,1,2.4,1,9,1,17,0.7,173,5,11,77,559,1974,12,10,12,1,0,0,0
1958,0,0.5,0,6,1,52,0.4,153,1,14,1524,1848,3064,7,6,3,1,0,0,3
1645,1,1.8,0,1,0,21,0.7,123,7,2,897,1308,783,10,8,20,1,0,0,0
1589,0,2.5,0,5,1,51,0.8,195,1,18,810,1743,2612,8,2,16,1,0,0,2
848,1,1.5,1,4,1,36,0.3,151,4,16,56,527,2289,10,2,19,1,1,1,1
972,1,0.5,1,5,0,13,0.4,193,5,8,1392,1795,1615,11,6,13,0,1,0,1
688,1,2.5,0,9,0,40,0.2,109,5,20,376,1957,1382,12,7,8,0,1,0,1
1236,0,0.9,1,2,1,57,0.1,188,1,14,517,809,1406,14,12,20,1,0,1,0
1714,0,0.5,1,7,0,31,0.4,120,2,10,287,627,3707,5,1,19,0,0,1,3
1063,0,1.4,1,2,1,48,1.0,128,5,4,127,683,2910,15,13,9,1,1,1,2
1567,0,0.5,1,3,0,22,0.5,119,6,6,545,1621,2312,9,1,18,1,0,0,2
1100,1,1.6,0,12,0,15,0.1,112,8,14,919,1344,757,12,2,16,1,1,1,0
1076,0,2.5,0,3,0,14,0.2,105,5,4,545,1300,2043,7,5,14,0,0,0,1
1329,1,1.7,0,5,1,23,0.6,198,8,6,380,682,2308,11,10,9,1,1,0,1
1310,1,2.2,1,0,1,51,0.6,100,4,0,178,1919,3845,7,0,12,1,1,0,3
1337,1,2.7,1,0,0,5,0.7,200,4,1,161,1029,3242,10,1,20,0,1,0,2
1881,0,2.2,0,4,0,51,0.3,158,5,7,477,1553,1229,12,0,14,1,0,0,1
1108,0,1.0,0,3,0,49,0.7,140,5,12,1298,1666,3254,12,0,16,1,0,0,3
1448,0,0.5,1,18,0,2,0.2,100,5,19,846,1144,593,9,4,18,1,1,1,0
1279,1,2.5,0,5,1,7,0.5,105,6,6,560,1633,1150,7,2,7,1,0,0,1
1498,1,0.7,0,3,1,8,0.1,170,7,4,347,1076,3358,7,3,19,1,0,0,3
1861,1,0.9,0,4,1,55,0.5,148,7,8,1698,1877,601,7,5,4,1,0,0,1
667,1,0.6,0,6,1,3,0.7,185,6,13,13,1463,2855,5,0,19,1,0,1,2
532,1,0.8,1,3,0,8,0.1,193,5,10,1213,1354,728,13,5,8,1,1,0,0
1576,1,0.9,1,0,1,14,0.4,173,2,4,1213,1386,3220,17,2,6,1,1,0,3
1872,0,0.5,1,3,0,17,0.7,89,6,6,1749,1767,724,17,3,9,1,0,1,1
1318,1,2.4,0,1,1,45,0.1,136,2,7,183,661,755,18,3,9,1,0,1,0
1661,1,0.8,1,1,1,6,1.0,109,7,2,594,1337,864,9,8,2,1,0,1,1
899,0,0.5,1,13,1,57,0.9,172,2,18,788,1331,364,11,1,7,1,1,0,0
715,0,2.3,1,4,0,48,0.1,160,4,6,21,562,3709,14,2,10,0,0,0,2
916,1,2.6,0,0,0,36,0.3,195,4,12,188,992,1470,13,0,14,0,1,0,0
1314,1,2.2,0,0,1,40,0.8,116,7,1,328,1858,3033,9,8,17,1,1,1,3
544,1,0.5,1,2,1,7,0.2,129,5,15,227,610,1675,13,4,17,1,1,0,0
915,0,1.1,0,6,0,56,0.6,187,8,17,532,1448,905,19,10,12,0,1,0,0
1405,0,1.7,0,0,0,8,0.3,107,4,7,284,1036,2376,19,6,11,0,1,0,2
1926,1,1.7,1,1,1,33,0.4,172,3,2,982,1157,2488,6,1,14,1,0,0,2
636,0,0.5,0,8,1,28,0.9,152,2,15,148,742,2927,15,6,3,1,0,0,2
555,1,3.0,1,5,1,38,0.8,193,2,10,214,1970,1686,8,1,8,1,0,1,1
1133,0,1.4,0,3,0,42,0.1,199,5,12,730,1543,1457,18,12,20,1,0,1,1
617,1,2.3,0,0,0,32,0.5,199,7,20,768,874,2213,18,13,7,0,0,0,1
987,1,1.9,0,4,1,52,0.5,83,3,8,419,736,2757,17,12,15,1,1,0,2
1277,0,3.0,0,0,1,41,0.3,200,4,3,902,1090,429,9,4,14,1,1,1,0
891,0,0.5,1,9,1,25,0.3,196,2,19,375,1724,2073,7,1,10,1,0,1,1
753,1,0.5,0,11,1,48,0.1,121,8,20,606,1316,3484,11,10,16,1,0,0,3
1002,0,2.6,1,7,0,27,0.1,146,1,10,115,1111,1295,18,15,17,1,0,1,0
569,1,2.5,1,0,0,41,0.3,124,1,1,388,605,2651,17,7,4,0,0,0,1
862,1,0.8,1,3,0,23,0.4,165,2,15,793,1758,278,16,3,11,0,0,1,0
1349,1,2.2,1,5,0,55,0.1,105,7,7,648,1019,2462,15,7,17,1,0,1,2
1726,1,1.9,0,1,1,42,0.6,106,5,3,1221,1804,1868,16,7,6,1,0,0,2
1902,0,0.5,0,10,0,13,0.2,155,4,11,766,877,940,14,10,15,1,1,0,1
1625,1,0.5,1,2,1,50,0.1,107,8,17,8,1219,670,16,3,8,1,0,0,0
1186,1,0.5,1,2,0,21,0.4,160,8,4,68,584,2361,17,8,7,1,0,0,1
1398,0,1.6,1,8,1,26,0.8,150,1,12,755,1284,3488,14,3,11,1,1,0,3
999,0,2.6,1,11,1,56,1.0,165,4,13,342,1641,3083,8,4,11,1,1,1,2
1230,1,1.6,0,0,1,48,0.7,111,7,2,1960,1963,1622,18,17,16,1,1,1,2
1751,0,2.5,0,1,0,4,0.6,146,8,9,1499,1952,1155,19,14,12,0,1,1,1
946,0,1.7,1,8,1,25,0.8,143,6,15,650,1740,2177,7,5,13,1,1,1,2
1880,0,0.5,0,0,1,7,0.6,104,4,1,890,1019,2968,9,0,3,1,1,0,3
1692,0,2.1,0,4,1,2,0.9,106,1,17,1899,1904,3779,9,3,7,1,1,1,3
1614,0,1.9,0,8,1,55,0.3,188,3,17,860,1330,3914,17,13,13,1,0,0,3
1995,1,1.9,0,6,0,9,0.8,139,6,18,1830,1963,1203,14,12,18,1,1,1,2
637,0,2.3,0,3,1,60,0.8,97,4,4,1125,1989,374,18,4,8,1,0,1,0
1564,0,1.5,1,1,0,42,0.7,108,2,2,1619,1962,3376,7,0,7,0,1,0,3
1485,0,1.0,0,2,1,32,0.7,84,2,9,510,1013,2147,19,1,11,1,1,0,2
821,0,1.8,1,5,0,54,0.1,109,3,9,253,1786,3185,8,4,15,1,0,0,2
869,0,1.9,0,0,0,2,0.6,197,7,3,519,533,3249,19,0,12,0,0,1,2
1571,0,2.9,0,1,0,30,0.9,150,7,3,805,956,586,10,9,4,0,1,1,0
1514,0,2.9,0,0,0,27,0.2,118,3,1,186,1810,1152,8,3,20,0,1,1,1
763,0,1.7,1,8,1,2,0.5,92,8,14,1028,1186,1050,6,4,8,1,1,0,0
1927,0,0.9,1,3,0,11,0.4,190,8,12,491,1506,2916,16,11,18,0,1,1,3
1426,1,2.5,0,2,1,55,0.4,109,1,7,777,1032,2562,5,1,3,1,0,0,2
1077,1,1.7,1,1,0,58,0.8,86,7,13,135,1892,3902,9,3,3,1,0,0,3
1678,1,2.3,1,11,0,7,0.5,192,1,14,418,1763,574,5,3,19,1,0,0,0
1751,0,0.5,1,6,0,8,0.6,178,6,20,170,564,2969,8,6,17,0,0,1,2
1000,1,0.5,0,12,0,63,0.7,179,8,18,1537,1761,3744,11,1,7,0,0,1,3
1998,1,1.2,0,8,0,31,0.6,196,8,19,50,1356,2311,17,9,18,1,1,0,2
1448,0,1.4,1,13,0,26,1.0,156,3,16,1792,1850,1175,12,9,6,0,1,0,1
1733,1,1.5,1,4,1,6,0.9,170,1,15,590,997,3488,6,4,10,1,1,1,3
1775,1,1.5,0,3,0,41,0.1,163,1,7,1633,1869,2343,19,13,14,1,1,1,3
1852,0,1.4,0,4,1,10,0.7,196,1,18,580,1163,3970,13,1,11,1,0,1,3
1859,0,0.5,1,3,0,22,0.7,164,1,7,1004,1654,1067,17,1,10,1,0,0,1
523,0,2.6,1,1,0,14,0.1,155,8,2,304,1042,1427,9,1,9,0,1,0,0
1043,0,2.7,0,3,0,29,0.2,83,8,17,887,893,1183,5,3,8,1,0,0,0
856,1,1.1,1,14,1,19,0.7,125,6,19,1057,1931,650,17,0,10,1,0,1,0
1653,0,0.5,1,2,1,37,0.9,176,4,6,447,1785,3955,19,4,18,1,1,1,3
1602,0,1.6,1,0,1,35,0.1,99,7,7,1325,1800,1829,18,17,13,1,0,0,2
1059,0,0.5,1,0,0,50,0.7,182,8,1,519,1545,619,5,3,18,0,1,1,0
1347,0,0.9,1,8,1,53,0.8,108,6,15,961,1008,3836,15,3,14,1,0,1,3
1216,0,3.0,0,4,0,47,0.4,199,3,7,1852,1967,2268,13,5,4,0,1,1,2
904,1,1.2,1,10,1,31,0.8,112,3,11,657,1014,2814,13,3,19,1,0,0,2
1172,1,2.1,1,4,0,41,0.1,95,3,7,1314,1884,1107,7,3,5,0,0,0,1
1296,0,1.4,1,3,0,11,0.2,129,7,4,1222,1382,2552,19,8,10,1,1,1,2
1135,1,2.0,1,0,0,46,0.3,83,1,4,293,1846,3029,19,17,9,1,1,1,3
969,0,2.4,0,0,0,45,0.3,124,7,0,491,589,404,18,5,19,1,0,1,0
623,0,1.4,1,0,1,15,0.2,189,3,1,778,844,3510,14,4,18,1,0,1,2
1119,0,0.5,1,0,1,23,0.4,164,4,1,821,915,3520,7,4,7,1,0,0,3
1685,0,0.6,0,14,0,16,0.6,137,7,15,120,1429,881,6,3,17,0,1,1,0
1379,0,0.5,1,1,0,19,0.3,134,8,17,387,671,3912,11,2,19,0,1,1,3
1840,0,0.5,1,12,0,34,0.7,142,1,16,311,1545,1078,8,0,10,0,0,0,1
1615,1,2.8,0,3,0,9,0.9,117,1,13,542,678,2948,8,3,3,1,1,0,2
842,0,2.2,0,1,0,7,0.6,188,2,2,20,756,2549,9,7,19,0,0,1,1
710,1,0.5,0,6,0,32,0.8,151,5,9,485,857,1419,12,11,18,0,1,0,0
912,1,2.8,1,6,1,46,0.4,84,4,11,995,1310,851,8,4,4,1,1,1,0
1783,1,0.5,0,8,0,14,0.6,183,8,11,910,1566,1816,12,7,7,0,0,1,2
1125,1,2.7,0,10,0,23,0.4,117,1,14,774,939,1641,14,8,12,1,1,0,1
865,0,1.2,1,8,0,59,0.1,159,3,9,805,1804,2361,16,11,19,1,0,1,2
1355,0,2.3,0,10,1,23,0.2,132,5,16,651,891,880,19,4,8,1,1,0,0
1678,0,2.1,0,3,1,64,0.9,134,3,11,436,536,278,19,0,10,1,1,0,0
915,1,0.5,1,9,1,33,0.3,199,2,16,503,986,2156,7,3,13,1,1,0,1
1945,0,1.6,1,0,1,57,0.3,195,4,1,743,1753,732,14,1,14,1,1,0,1
1496,1,1.9,1,13,0,38,0.1,126,4,14,501,506,1927,17,4,6,0,0,1,1
1129,1,2.8,1,0,0,49,0.5,185,2,2,1070,1079,1857,8,4,5,1,1,1,1
1108,1,1.3,1,14,1,2,0.3,169,7,20,208,1742,1229,5,3,4,1,1,0,0
1994,0,1.5,1,2,1,7,0.5,146,8,7,447,1435,3622,7,0,20,1,0,1,3
1554,0,2.8,1,7,0,23,0.1,105,6,18,699,1492,2184,13,9,20,1,0,1,2
986,1,0.8,0,13,1,28,0.8,182,4,20,199,679,1149,8,7,18,1,1,0,0
858,0,2.2,0,1,0,50,0.1,84,1,2,528,1416,3978,17,16,3,1,1,0,3
950,1,0.5,0,9,0,55,0.1,156,5,10,774,843,1095,14,12,13,0,1,0,0
1897,0,3.0,0,1,1,21,0.5,192,8,2,1311,1935,273,17,6,3,1,1,1,0
1822,0,1.2,0,0,0,8,0.2,195,6,0,172,910,2577,9,5,8,1,1,0,2
1514,1,1.4,0,3,1,12,0.6,138,3,4,306,538,1037,15,3,15,1,0,1,0
1559,1,1.3,1,10,1,10,0.3,114,8,17,117,681,2203,7,5,15,1,1,1,1
657,1,1.9,1,2,0,21,0.1,110,8,8,705,1905,783,6,1,11,1,1,0,0
1895,0,0.5,0,2,1,5,0.7,134,1,11,725,1335,774,15,4,6,1,1,0,1
1731,1,1.4,1,4,1,4,0.5,163,6,18,809,1988,3892,5,1,4,1,1,1,3
625,0,2.7,1,2,0,42,0.8,138,8,3,203,1771,2929,10,4,17,1,0,0,2
832,0,0.7,1,2,1,39,0.7,103,4,3,125,1504,1799,5,2,11,1,0,1,1
1786,0,0.5,0,9,1,58,0.7,161,7,10,231,1671,2764,9,3,7,1,1,1,3
1310,0,1.4,0,0,0,33,0.4,105,1,14,806,1016,1301,13,12,19,0,0,1,1
600,0,2.5,1,8,1,22,0.1,145,1,11,207,1162,3441,19,1,5,1,0,0,2
1558,1,2.4,0,0,1,27,0.1,146,1,1,120,1409,3598,9,2,12,1,0,1,3
1617,0,1.5,0,1,1,63,0.7,111,2,10,274,1079,2754,19,10,8,1,1,1,2
674,1,2.8,1,0,1,8,0.2,93,3,0,750,772,589,18,6,4,1,1,0,0
1562,1,1.2,1,0,1,52,0.1,105,7,9,480,728,2829,13,10,3,1,1,1,2
1520,1,2.2,0,5,1,33,0.5,177,8,18,151,1005,3826,14,9,13,1,1,1,3
964,0,2.0,0,0,1,22,0.7,86,8,0,225,1234,2577,17,16,5,1,1,0,2
1179,1,0.8,0,1,0,5,0.9,154,5,17,913,1429,543,8,7,18,0,0,1,0
1560,0,2.3,0,0,1,22,0.8,169,7,1,745,1364,1938,15,11,16,1,1,1,2
1620,0,2.6,1,6,0,5,0.9,186,6,18,434,1339,1086,18,14,13,1,0,0,1
538,0,0.8,0,12,1,2,0.8,177,7,13,235,662,417,8,4,9,1,0,1,0
972,1,1.7,0,0,1,54,0.7,107,3,4,681,1050,1900,16,8,19,1,0,1,1
922,1,0.7,0,0,1,47,1.0,157,8,14,1295,1808,1464,17,4,12,1,0,1,1
1760,0,1.4,1,5,0,63,0.8,127,8,19,1382,1383,2053,19,12,16,0,1,0,2
1001,0,2.8,1,1,0,40,0.2,117,3,7,922,1836,3654,13,9,10,1,1,1,3
554,1,1.3,0,0,0,12,0.1,105,6,10,85,806,3764,10,7,4,0,1,1,2
777,1,2.6,0,3,0,30,0.9,148,5,17,189,1143,3886,14,10,7,1,0,0,3
1608,0,1.8,1,7,0,28,0.4,183,2,13,1013,1158,489,15,11,8,0,0,1,0
757,0,2.3,1,5,1,58,0.2,163,4,7,535,697,3237,19,12,9,1,0,1,2
793,0,1.0,1,5,1,30,0.9,133,2,15,1858,1935,2332,17,13,14,1,1,1,2
1504,0,2.3,1,1,0,64,0.9,182,1,2,19,1923,3059,6,5,10,0,1,0,3
514,1,0.7,0,4,0,57,0.1,186,3,7,168,1320,687,6,0,20,1,1,1,0
605,0,1.5,0,9,1,18,0.9,162,2,14,329,656,2301,15,9,8,1,0,0,1
616,1,2.2,0,3,1,21,0.8,150,7,4,347,513,3267,17,9,19,1,0,0,2
1854,0,0.9,1,0,1,33,0.4,195,1,0,665,718,1675,14,12,9,1,0,1,1
1484,0,3.0,0,3,0,12,0.6,134,3,5,916,969,1457,14,4,20,1,1,0,1
1215,0,1.0,0,4,0,16,0.1,130,4,8,454,1473,2632,7,1,15,0,0,1,2
1860,0,0.5,1,2,1,55,0.7,83,6,3,195,799,676,15,0,4,1,0,1,0
1442,0,1.0,1,0,0,27,0.1,192,3,19,231,687,2227,6,5,20,1,1,0,1
517,0,1.4,1,3,1,33,0.8,183,4,8,660,974,3704,17,16,11,1,0,1,3
1715,0,2.6,1,9,1,15,0.6,120,6,20,114,1849,1249,16,2,4,1,1,0,1
1203,1,0.5,1,0,1,11,0.9,109,2,12,35,510,1672,17,13,19,1,1,0,0
962,1,1.1,1,3,0,17,0.1,161,8,20,546,1424,3438,14,3,20,0,0,0,3
1892,1,0.7,0,5,0,47,0.4,110,4,10,1399,1564,2172,17,14,3,1,1,1,2
1260,0,0.6,0,5,1,13,1.0,106,6,6,165,736,2710,13,1,8,1,1,0,2
1180,1,1.2,0,5,1,50,1.0,144,4,20,925,1252,1464,7,3,20,1,1,1,1
1320,0,0.5,1,7,0,48,0.2,168,5,16,103,1583,2893,8,5,9,0,0,1,2
1786,0,2.6,0,6,0,14,1.0,115,4,15,616,912,3038,18,0,14,1,0,0,3
1589,0,0.6,0,0,0,5,0.8,112,5,2,776,1397,3430,7,5,19,1,1,1,3
1172,0,1.9,0,0,1,27,0.7,164,1,3,607,1092,1477,12,0,6,1,0,0,1
1809,1,1.7,0,3,1,59,0.1,174,3,4,639,721,2324,10,6,16,1,0,1,2
934,0,1.1,0,7,0,24,0.8,112,5,12,1111,1463,1017,12,7,9,0,0,1,0
1497,1,0.7,0,5,0,32,0.7,92,3,9,1920,1933,1329,6,1,7,1,1,0,2
1836,0,1.1,1,0,0,14,0.7,104,5,1,168,1068,2469,18,6,7,1,1,1,2
1880,1,1.8,0,4,1,18,0.7,138,3,5,71,699,3333,17,15,7,1,0,0,3
1424,1,2.9,1,0,0,20,0.6,180,5,0,181,1199,2658,15,0,19,1,0,0,2
1742,0,2.3,1,9,1,43,0.4,170,7,12,453,681,2610,12,3,10,1,0,1,2
539,1,0.6,1,9,0,21,0.1,145,7,14,551,599,3597,14,5,9,0,0,0,2
822,1,0.5,0,0,1,51,0.3,157,6,20,667,860,3846,10,1,3,1,0,0,3
1729,1,2.1,1,1,0,12,0.9,186,1,6,461,1178,1519,9,4,5,1,0,1,1
1110,0,0.6,0,1,0,42,0.9,192,5,2,1179,1262,456,12,8,18,1,1,0,0
1112,0,0.5,0,0,1,12,0.9,190,4,6,777,1119,3302,11,0,20,1,1,1,3
1937,1,1.7,0,17,0,58,0.6,189,1,19,1728,1767,3321,5,4,14,1,1,0,3
1697,0,0.5,0,0,1,60,0.1,90,4,0,88,1046,441,15,1,11,1,1,0,0
1744,0,2.8,0,0,1,62,0.7,158,1,0,621,1558,345,10,6,14,1,0,0,0
1778,0,1.4,1,3,1,45,1.0,132,4,17,88,516,1624,15,13,9,1,1,0,1
722,0,1.1,0,12,0,12,1.0,93,6,20,138,1371,2359,13,6,3,0,0,0,1
899,1,2.7,0,3,1,53,0.3,192,4,11,641,1638,2870,19,16,10,1,0,1,2
1035,1,1.9,1,8,0,11,1.0,173,6,10,831,1709,2002,17,8,5,1,1,0,1
986,1,1.5,0,1,1,23,0.8,183,8,3,471,800,2385,16,9,19,1,0,0,1
1469,0,0.5,0,3,1,58,0.5,150,7,8,1699,1850,1571,17,16,2,1,0,0,2
957,1,0.7,0,0,1,4,0.1,160,2,0,38,1682,1898,12,4,3,1,1,0,1
1266,0,0.5,0,0,1,5,0.1,95,6,9,1365,1698,1687,11,0,18,1,0,0,2
860,1,1.3,1,8,1,40,0.7,170,3,13,1573,1581,2832,13,7,20,1,1,1,2
965,1,0.5,0,15,0,53,1.0,131,8,19,297,653,3227,12,6,8,1,0,0,2
1940,1,0.9,1,4,0,17,0.7,93,5,7,112,858,2297,14,6,8,0,1,0,2
707,0,2.1,1,2,0,25,0.8,131,3,17,495,574,3838,9,2,7,1,0,1,3
1979,1,1.6,1,0,0,32,0.2,165,7,1,833,1630,452,13,6,14,0,1,0,0
565,0,0.6,1,1,0,50,0.1,158,2,8,543,703,2156,13,6,6,1,1,1,1
1845,1,0.5,1,10,0,61,0.3,96,1,12,292,695,1731,9,5,6,0,0,0,1
1073,1,0.5,1,0,0,51,0.5,145,7,0,690,804,2908,6,0,18,0,1,0,2
1923,0,1.0,1,5,1,14,0.9,154,4,6,15,525,2519,13,0,16,1,0,1,2
866,0,0.5,1,5,1,46,0.5,179,8,7,692,1686,3825,12,11,2,1,1,1,3
501,1,0.5,1,14,0,22,0.5,174,6,20,239,1636,3077,17,3,17,0,0,0,2
763,1,0.5,0,9,1,51,0.3,104,5,12,273,1278,2865,11,6,9,1,1,1,2
1090,1,2.3,0,1,1,8,0.6,128,8,8,1217,1670,3839,17,3,11,1,0,1,3
772,0,1.1,1,12,0,39,0.8,81,7,14,1314,1854,2819,17,15,3,1,1,0,3
1883,1,2.7,1,6,1,30,0.5,95,2,10,531,791,3724,16,15,20,1,1,1,3
659,0,2.7,0,6,1,6,0.5,110,3,7,1054,1929,2044,15,5,2,1,0,1,1
851,0,2.3,1,7,1,54,1.0,101,2,9,788,1007,1005,12,2,14,1,0,1,0
578,1,0.5,0,9,1,62,0.3,170,5,13,626,1134,2977,15,12,5,1,1,1,2
1189,1,2.3,0,13,0,8,0.5,198,3,14,379,932,893,9,6,13,1,1,0,0
571,0,0.6,0,1,1,43,0.5,141,3,8,224,783,2587,7,5,18,1,0,0,1
1039,0,1.3,0,0,1,12,0.8,200,8,0,1428,1827,1619,7,1,10,1,1,1,1
990,1,2.7,1,3,0,15,0.9,153,2,7,1466,1717,2698,11,8,6,1,0,0,2
1006,0,2.2,1,4,1,22,0.8,135,4,8,35,991,909,18,4,7,1,0,1,0
743,0,0.5,1,0,1,33,0.3,95,2,1,1587,1659,316,19,10,4,1,0,0,0
1142,1,1.4,1,6,0,6,0.7,190,8,8,534,855,663,12,4,5,0,1,1,0
902,1,0.6,1,0,0,63,0.7,122,5,14,364,1360,3654,18,8,15,0,1,1,3
1696,0,1.7,0,1,0,13,0.9,97,3,2,179,772,523,5,0,4,0,1,1,0
1703,1,0.5,0,5,1,23,0.2,92,6,7,134,521,793,7,3,17,1,1,0,0
733,1,0.6,1,0,0,63,0.3,105,7,10,950,1739,984,17,4,9,1,0,1,0
1189,1,1.9,0,5,0,7,0.5,164,2,20,79,615,841,13,10,11,0,1,0,0
1084,1,2.6,0,3,1,40,0.9,107,3,11,322,771,1945,15,4,10,1,1,0,1
1356,0,2.8,0,0,0,29,0.5,198,6,0,1612,1983,3702,17,0,19,0,0,0,3
1093,0,0.5,0,1,1,31,0.6,171,2,12,1310,1420,1646,12,0,6,1,1,0,1
1218,0,1.8,1,1,1,14,0.5,147,3,4,229,616,398,17,0,5,1,0,0,0
638,0,1.7,1,11,0,27,0.5,102,4,17,1171,1383,2735,7,2,9,1,1,0,2
935,1,0.5,1,3,1,58,0.1,155,5,12,639,1087,2473,10,4,9,1,0,1,2
1283,1,1.6,1,4,0,47,0.9,93,5,5,372,692,2698,9,6,17,1,1,0,2
1519,0,2.9,0,2,0,30,0.7,112,7,8,1122,1702,2440,9,5,10,1,1,1,2
1664,1,2.9,1,9,1,15,0.5,177,7,19,1178,1929,1968,12,7,9,1,0,0,2
801,1,2.2,1,2,0,63,0.4,165,7,4,650,879,1617,17,4,19,0,0,1,1
1253,1,0.5,1,5,1,5,0.2,152,2,19,685,714,1878,15,0,4,1,1,0,1
1221,0,2.3,0,7,1,35,0.4,152,7,19,765,1899,2638,19,16,14,1,1,1,2
894,0,2.1,1,16,0,16,0.7,168,8,20,286,1300,3377,5,1,6,1,1,1,2
1977,1,2.0,1,7,1,54,1.0,171,7,18,1226,1242,1971,18,7,14,1,1,0,2
1496,1,2.0,1,4,0,42,0.5,182,5,5,96,741,854,16,0,7,0,1,1,0
1453,0,1.6,1,12,1,52,0.3,96,2,18,187,1311,2373,10,1,10,1,1,1,2
1600,0,2.5,1,1,0,19,0.6,88,6,9,831,1713,1179,10,3,18,0,0,1,1
1807,1,0.5,1,2,1,61,0.1,134,6,6,1734,1968,3726,8,5,15,1,0,0,3
1404,0,2.1,0,16,0,44,0.9,151,1,20,1703,1880,1196,10,6,5,0,0,1,1
1975,1,1.5,0,6,1,16,0.9,128,8,11,80,655,2998,5,4,13,1,1,0,2
504,1,0.5,1,5,0,16,0.1,166,1,9,767,1665,701,17,15,15,1,0,1,0
812,0,0.5,1,1,0,64,1.0,106,4,7,35,1309,3102,6,0,2,0,0,0,2
1450,0,2.1,0,1,0,31,0.6,114,5,4,1573,1639,794,11,5,9,0,1,1,1
504,0,2.8,1,0,0,40,0.5,178,3,0,626,1195,470,6,0,16,1,0,0,0
1754,1,2.1,1,1,1,52,1.0,101,4,3,199,1452,3019,11,6,19,1,0,1,3
1646,0,2.5,0,3,1,25,0.6,200,2,5,211,1608,686,8,6,11,1,1,0,0
965,1,1.5,1,5,0,13,1.0,109,2,14,130,998,1138,9,8,10,0,1,0,0
1149,1,2.2,0,4,0,30,0.2,106,6,5,1617,1675,3755,17,14,8,1,0,0,3
1464,0,0.5,1,0,1,17,0.7,153,6,8,418,1341,1277,13,6,19,1,0,0,1
1708,0,0.8,0,8,1,14,0.9,197,4,16,263,1345,1247,19,16,16,1,0,0,1
1725,1,1.6,1,6,1,6,0.5,119,2,18,609,1307,3429,6,5,4,1,1,0,3
605,0,1.0,0,8,1,9,0.1,142,3,16,160,1026,392,15,6,4,1,0,0,0
704,1,2.7,0,8,1,29,0.2,80,1,10,1108,1509,1122,9,3,10,1,1,1,0
1331,0,0.5,0,8,0,55,0.9,146,3,15,1162,1531,1732,6,2,11,1,0,1,1
1763,0,2.9,1,1,1,53,0.2,101,4,20,138,806,2066,12,9,17,1,1,1,1
1283,1,0.7,1,0,1,27,0.2,80,4,6,1135,1923,3957,17,15,6,1,0,0,3
1081,1,2.5,1,13,0,49,1.0,99,3,17,284,519,325,9,1,6,0,0,1,0
1083,1,2.0,0,3,0,41,0.7,158,5,5,937,1164,1543,18,3,10,0,0,1,1
1413,1,0.5,1,4,1,45,0.4,104,5,6,1949,1994,2973,17,8,15,1,0,1,3
1563,0,1.7,1,10,0,16,0.1,151,7,13,410,572,3922,11,1,8,0,0,1,3
959,1,1.7,0,15,0,13,0.4,155,4,16,87,736,3328,10,9,10,1,1,1,2
912,0,0.7,0,3,0,47,0.9,182,3,6,724,794,1321,7,2,6,0,1,1,0
726,0,2.9,0,0,0,43,0.1,101,8,0,666,760,1446,17,2,8,1,1,0,0
1010,1,2.0,1,2,1,8,0.9,139,5,3,547,957,2625,15,11,12,1,1,0,2
895,0,0.5,1,6,0,16,0.3,164,8,14,126,1575,3122,7,0,4,0,0,1,2
1031,1,2.1,1,2,1,11,0.1,121,2,9,532,1247,2385,11,7,16,1,0,0,2
1494,0,1.6,0,3,1,45,0.8,158,5,4,449,790,3208,11,9,4,1,0,0,3
664,1,1.1,1,1,1,51,0.1,110,7,4,701,1478,3629,19,15,6,1,1,1,3
1053,0,2.9,0,7,0,42,0.9,126,6,17,419,1261,1339,17,0,14,0,0,1,0
1569,1,1.6,1,4,1,54,0.9,190,4,6,371,665,3905,6,2,4,1,0,0,3
547,0,1.9,1,1,0,37,0.4,154,5,4,371,541,2705,17,3,10,1,1,0,1
947,0,0.8,1,0,1,22,0.1,197,2,13,1176,1220,2842,16,12,2,1,0,0,2
1086,0,2.7,0,0,1,24,0.1,135,8,19,1874,1976,3930,17,1,18,1,1,1,3
1720,0,1.6,0,18,1,2,0.8,188,5,20,334,896,2522,10,5,2,1,0,1,2
966,0,2.0,0,8,1,34,0.5,118,2,10,214,1523,3534,18,17,11,1,1,1,3
962,0,1.0,1,14,0,2,0.9,125,1,20,1618,1916,1491,16,2,14,1,0,0,1
1602,1,2.8,1,4,1,38,0.7,114,3,20,466,788,1037,8,7,20,1,0,0,0
1562,1,1.3,1,1,1,7,0.2,190,5,15,642,1533,2243,12,10,6,1,0,0,2
1208,0,2.9,0,5,1,16,1.0,175,1,19,691,1028,2201,17,16,12,1,0,0,1
1631,0,0.5,0,2,1,13,0.5,166,2,16,960,1735,2173,12,3,8,1,1,0,2
1572,0,0.6,0,0,1,58,0.2,157,7,8,1109,1937,2462,12,8,10,1,0,0,3
1470,0,2.2,1,4,1,33,0.4,138,7,10,1790,1988,1633,18,4,4,1,0,0,2
904,0,1.6,1,5,1,14,0.2,102,8,9,56,760,1846,7,0,3,1,0,1,1
615,1,0.5,1,7,0,58,0.5,130,5,8,1021,1958,1906,14,5,5,1,0,0,1
720,1,0.9,1,12,1,14,0.8,165,4,14,366,1234,1086,14,7,3,1,1,0,0
689,0,1.4,0,2,0,45,0.5,103,5,11,256,823,3585,10,1,10,1,0,0,3
1112,1,0.5,1,1,0,53,0.6,121,4,16,234,739,3655,7,3,20,1,1,0,3
759,0,2.5,0,3,1,39,0.3,162,2,8,110,1317,968,6,2,2,1,0,0,0
1479,0,0.5,0,8,0,19,0.6,156,3,10,180,1476,3323,13,12,6,1,0,1,3
1205,1,2.7,0,5,0,10,0.1,163,6,10,321,1870,953,18,11,20,0,1,1,0
1694,0,1.8,0,0,0,53,1.0,186,6,0,1194,1208,1653,7,5,6,1,0,0,2
1791,1,0.5,1,1,1,33,0.5,110,5,4,371,682,594,17,8,16,1,0,1,0
1993,1,0.5,0,10,1,27,0.3,147,8,11,150,510,2437,14,0,9,1,0,0,2
1576,0,2.6,0,7,0,58,0.2,90,3,16,400,631,336,14,8,13,1,1,1,0
1347,0,2.9,0,5,0,44,0.6,132,1,14,434,967,2484,18,2,11,1,0,1,2
1373,1,1.0,1,2,0,50,0.2,127,7,12,105,673,3800,8,3,14,1,0,0,3
561,1,2.8,1,2,1,40,0.1,99,7,6,426,865,2974,15,12,19,1,0,1,2
852,1,1.6,1,6,1,54,0.4,147,5,7,538,730,1275,13,7,12,1,0,1,0
1461,0,2.4,1,3,1,40,0.5,141,7,4,1265,1298,3799,16,1,4,1,0,0,3
1034,1,2.7,1,6,0,37,0.7,120,7,20,707,1199,3625,17,1,12,0,1,1,3
852,0,1.0,1,4,1,62,0.7,104,7,13,293,1159,2253,17,4,7,1,1,0,1
1447,1,2.5,1,2,0,9,0.2,155,8,16,737,1455,568,12,11,8,0,0,0,0
1127,1,2.9,1,5,1,57,0.8,163,1,13,928,1049,2048,11,5,17,1,1,1,1
730,1,0.5,1,3,1,27,0.1,112,5,10,62,846,3623,9,4,15,1,1,0,2
695,0,1.2,0,1,1,41,0.4,169,8,8,789,1211,2282,5,2,17,1,1,0,1
1193,0,0.9,0,11,0,26,0.5,166,1,20,730,1729,536,17,14,4,1,0,1,0
1676,0,1.6,0,2,0,37,0.2,145,1,3,134,1197,2515,14,8,4,1,0,1,2
1578,0,1.9,1,2,1,37,0.1,138,4,19,411,1226,2458,19,16,3,1,0,1,2
1788,1,0.5,1,15,1,2,0.3,150,6,20,472,1073,2655,12,2,4,1,0,1,2
1190,1,2.2,1,9,0,47,0.3,186,6,10,1417,1441,624,9,3,19,1,1,1,0
1965,0,0.5,0,6,1,4,1.0,84,7,9,977,1660,3535,17,0,16,1,1,1,3
911,1,2.2,1,1,1,28,0.5,182,2,2,157,763,2638,8,4,13,1,1,1,1
645,0,0.5,0,1,0,41,1.0,197,7,10,327,580,2962,12,9,4,1,1,1,2
1007,0,2.0,0,0,0,45,0.1,95,5,2,1186,1529,3648,9,0,16,0,0,0,3
1590,0,1.5,1,12,1,14,0.5,187,4,15,1058,1109,2836,6,5,4,1,0,0,3
1730,0,2.0,1,0,1,20,0.1,143,4,10,418,1023,1595,14,0,12,1,1,0,1
1334,1,2.4,0,5,1,42,0.6,115,5,14,1187,1974,2542,10,1,8,1,0,0,3
1454,1,0.5,1,1,0,34,0.7,83,4,3,250,1033,3419,7,5,5,1,1,0,3
1278,1,1.0,0,7,1,24,0.8,170,3,16,1352,1775,3141,6,2,11,1,1,1,3
684,1,0.9,1,3,1,63,1.0,157,5,9,159,1738,3756,17,5,12,1,1,1,3
1109,0,2.1,0,1,0,34,0.1,173,1,4,165,1103,2821,13,5,17,1,0,1,2
951,0,0.5,0,6,1,15,0.6,81,2,17,854,935,1083,16,11,16,1,1,0,0
1698,0,2.1,0,5,1,18,0.9,160,6,20,363,994,796,13,3,14,1,0,1,0
1166,0,2.0,0,3,1,25,0.8,198,5,4,59,1203,2488,13,5,15,1,0,0,2
907,0,1.4,1,3,0,42,0.2,151,1,16,171,507,584,11,9,6,1,0,0,0
1454,0,2.6,0,8,0,6,0.4,199,3,20,698,1018,1300,10,0,2,0,0,1,1
1554,1,0.5,1,11,0,5,1.0,124,3,12,395,1579,3635,7,4,18,0,0,0,3
1579,1,0.5,1,0,0,5,0.2,88,7,9,1358,1739,3532,17,11,12,0,0,1,3
919,0,0.5,1,11,0,13,0.3,159,1,15,275,570,1028,8,4,17,1,0,0,0
1369,1,1.8,1,6,0,34,0.5,162,1,7,553,727,3856,18,4,18,0,1,1,3
1920,0,0.6,1,3,1,19,0.5,131,3,8,670,1152,3943,13,0,4,1,1,0,3
1083,1,1.4,1,2,1,49,0.8,156,5,9,295,503,1338,16,8,5,1,1,1,0
1271,0,1.5,1,0,0,2,0.9,161,1,1,1260,1788,892,15,13,20,0,1,0,1
1299,0,2.8,1,2,0,60,0.8,187,8,6,1333,1838,1412,13,1,20,0,1,1,1
1450,1,2.7,1,9,0,19,0.6,131,1,17,707,1882,575,15,9,12,0,0,0,0
667,0,1.3,1,4,1,6,0.1,149,6,10,272,870,3566,9,5,12,1,0,1,2
1523,1,2.4,0,5,1,57,0.2,117,2,6,247,539,3971,18,12,10,1,1,1,3
1872,0,0.5,0,5,1,26,0.5,172,4,10,672,1088,2273,8,4,8,1,0,1,2
767,0,1.5,0,4,0,28,0.7,175,4,10,344,1517,527,10,0,15,0,1,0,0
1380,1,2.1,1,1,1,4,0.8,92,3,13,420,500,797,13,2,15,1,1,0,0
1620,1,2.2,1,0,1,30,0.2,185,3,3,832,1033,606,6,0,18,1,0,0,0
1433,1,2.3,0,8,1,27,0.9,153,7,12,1619,1651,3900,18,16,2,1,0,1,3
1695,1,0.5,1,2,1,47,0.5,189,5,13,308,1208,1629,8,6,11,1,1,0,1
1062,1,2.5,1,6,0,10,0.9,160,1,13,1596,1807,3803,7,3,16,0,0,1,3
1481,1,0.7,1,4,1,37,0.6,96,5,13,116,1533,2945,10,5,16,1,1,1,2
1674,0,2.8,1,0,1,52,0.2,89,3,7,1432,1649,2030,7,0,6,1,0,0,2
511,1,3.0,1,5,1,34,0.9,125,8,13,149,1285,3265,14,7,14,1,0,0,2
1712,0,1.4,0,1,0,63,0.5,137,7,12,747,1126,3652,16,1,19,1,0,0,3
1991,0,2.8,0,3,1,15,0.1,181,1,13,298,1037,1861,8,5,17,1,1,1,1
1972,1,1.6,0,0,0,48,0.5,92,8,2,290,804,2872,7,2,11,1,0,1,3
1897,1,1.9,0,2,1,54,0.3,154,2,7,630,738,412,17,11,2,1,0,0,0
1320,0,2.1,1,0,1,41,0.6,144,7,2,123,1229,542,11,1,14,1,1,0,0
1780,1,0.5,0,6,0,27,0.1,190,4,11,1331,1463,2776,19,17,14,1,1,1,3
1569,0,0.5,1,3,0,33,0.2,147,1,13,519,930,3538,18,1,15,1,0,1,3
1237,1,2.5,0,7,0,13,0.8,98,4,12,18,1004,2528,11,8,16,0,0,0,2
1413,0,0.5,1,4,1,39,0.1,185,5,12,1039,1318,3878,19,16,4,1,0,0,3
1135,1,2.8,1,9,0,43,0.4,158,1,11,690,1589,3204,18,13,6,1,0,0,3
940,0,2.9,0,0,0,16,0.7,115,4,1,499,1090,2192,15,13,9,1,1,1,1
508,0,0.8,0,7,1,42,0.3,94,1,8,39,557,663,13,12,7,1,0,0,0
616,0,1.9,1,13,1,44,0.8,81,3,17,651,1618,3366,18,8,13,1,1,0,3
1905,0,0.6,1,9,1,36,0.4,119,3,20,825,1542,1287,13,4,16,1,0,0,1
589,1,0.5,0,1,1,59,0.7,146,8,4,759,1858,362,16,10,6,1,1,1,0
664,0,1.5,0,5,1,6,0.9,164,2,19,1076,1472,3774,11,5,18,1,0,0,3
1837,0,1.0,1,5,1,12,0.9,103,8,6,1420,1539,2294,8,7,20,1,0,1,3
583,1,0.9,1,1,0,51,0.9,88,8,2,1658,1794,1799,16,9,7,0,1,0,1
999,0,2.9,1,11,1,64,0.2,199,4,19,1397,1616,2593,14,11,16,1,1,0,2
797,1,1.5,1,4,0,18,0.6,81,8,20,888,1466,2052,9,3,14,1,1,1,1
841,0,0.5,0,6,1,11,0.3,81,5,14,125,675,957,6,5,11,1,1,0,0
1577,0,1.0,1,0,1,64,0.1,105,3,7,116,1432,2967,7,3,7,1,1,1,3
1278,1,1.2,0,10,1,60,0.6,172,7,14,1244,1504,3142,11,4,19,1,0,1,3
1611,1,0.5,1,11,0,3,0.6,98,3,14,303,714,1595,8,4,9,1,0,1,1
1217,1,0.5,0,3,0,17,0.5,182,4,13,628,632,1711,7,3,9,1,0,1,1
1901,1,0.5,0,5,1,41,0.6,131,2,17,3,1662,368,5,1,12,1,0,0,0
1802,0,2.7,1,0,1,10,0.6,101,7,9,253,590,696,14,7,3,1,1,0,0
680,1,2.1,1,9,1,9,0.1,131,3,11,1428,1500,2438,14,2,17,1,0,0,2
614,1,0.7,0,4,1,51,0.1,178,7,7,1012,1040,2854,10,7,12,1,0,1,2
1174,0,0.7,1,1,1,25,0.8,91,2,8,1097,1461,285,19,7,3,1,0,1,0
1259,0,1.2,1,0,0,13,0.5,97,2,0,1210,1989,340,17,13,4,1,0,1,0
1071,0,2.6,0,0,0,49,0.3,199,4,5,1328,1970,3393,6,5,7,1,0,0,3
1842,1,2.2,1,7,0,56,0.4,179,4,10,783,1227,3721,16,11,4,0,1,1,3
1550,1,2.5,0,6,0,21,0.8,133,2,11,268,832,2338,16,1,15,0,1,0,2
1154,0,1.2,1,0,1,49,0.2,181,8,2,541,1499,978,5,3,7,1,0,1,0
730,1,1.3,1,6,0,6,0.9,167,7,10,1096,1155,2812,10,1,17,0,0,0,2
831,0,1.7,1,7,1,26,0.7,177,5,11,511,621,1704,6,5,20,1,1,1,0
1396,0,2.4,1,0,0,46,0.1,138,7,1,1191,1347,2389,7,3,15,0,0,1,2
1719,1,2.0,0,0,0,12,0.3,122,8,7,240,904,462,6,3,5,0,0,0,0
808,0,0.5,1,0,0,8,0.1,192,4,1,618,1891,3762,15,9,12,1,0,1,3
1831,1,2.2,1,4,0,55,1.0,189,8,9,1693,1790,1133,14,3,10,0,1,0,1
771,0,2.9,0,2,0,62,0.7,106,1,8,1709,1781,1628,9,3,6,0,1,0,1
804,1,0.8,1,12,1,41,0.9,89,1,13,709,818,2027,11,5,11,1,0,0,1
1142,1,1.2,0,0,0,2,0.6,114,6,0,623,769,1747,7,0,14,0,1,0,1
805,0,0.8,0,1,0,34,0.6,88,6,2,1262,1538,3647,18,11,9,1,0,1,3
875,1,0.7,1,1,0,30,0.7,146,8,8,469,853,702,19,15,15,1,1,1,0
1783,0,2.9,1,2,0,42,0.7,104,6,8,1081,1979,387,14,5,3,0,1,0,1
912,0,0.5,1,0,0,58,0.3,107,5,1,165,1723,3573,17,3,20,1,1,0,3
1641,0,1.1,0,6,0,48,0.7,97,8,7,224,1994,1695,13,6,17,1,0,1,2
1537,0,2.9,0,11,1,46,0.8,158,4,17,686,1305,2857,17,14,2,1,1,1,3
1766,1,0.5,1,1,1,22,0.8,122,8,4,291,1318,3297,7,5,16,1,0,0,3
1289,0,0.9,0,10,1,25,1.0,178,6,12,765,899,1043,6,2,11,1,1,0,0
1501,0,1.1,0,12,1,2,0.2,187,1,15,198,1056,2487,13,12,16,1,1,1,2
1201,1,0.5,0,2,0,10,1.0,99,7,7,306,558,495,15,6,14,1,1,1,0
1225,0,0.7,1,6,0,60,0.1,107,2,15,10,1567,2423,17,11,6,1,0,0,2
950,0,0.5,0,6,1,55,0.1,124,8,7,86,1681,1305,6,5,4,1,0,1,0
1836,1,2.1,1,0,1,30,0.2,184,7,15,276,1230,3072,7,3,5,1,1,0,3
1820,1,1.7,1,0,1,64,0.6,161,1,3,1157,1951,574,10,2,18,1,1,0,1
659,0,0.5,1,7,1,5,0.3,169,8,10,659,730,2190,16,10,16,1,1,0,1
614,0,1.7,1,0,1,58,0.2,128,7,2,22,519,3487,15,6,11,1,1,1,2
873,1,0.5,1,6,0,8,0.6,152,7,9,1257,1411,575,15,8,7,1,0,1,0
1042,0,2.2,0,15,1,11,0.6,139,5,16,68,1018,2826,18,0,2,1,0,0,2
1408,1,2.1,1,10,0,45,0.9,89,5,14,613,1088,3952,8,6,3,0,0,1,3
714,1,2.1,1,5,1,11,0.1,197,3,6,1750,1857,1164,15,12,19,1,1,0,1
1760,0,1.9,0,1,1,50,0.8,198,1,2,273,1704,2549,10,8,4,1,1,0,2
1195,0,2.0,1,1,1,23,0.1,82,4,9,163,1100,980,13,9,17,1,0,0,0
503,0,1.2,1,5,1,8,0.4,111,3,13,201,1245,2583,11,0,12,1,0,0,1
1607,0,1.1,1,6,1,20,1.0,192,2,8,776,1005,885,11,1,14,1,1,0,0
1640,1,0.7,0,10,1,21,0.8,169,7,14,589,1301,337,16,3,5,1,1,0,0
781,0,1.1,0,2,0,38,0.4,198,5,7,304,1674,3508,13,8,5,0,0,1,3
1973,1,0.5,1,3,0,21,0.8,95,8,7,127,507,1724,12,10,8,0,0,1,1
673,1,1.9,0,13,1,35,0.4,142,6,14,1096,1570,3541,18,17,4,1,0,1,3
1191,0,0.8,0,6,1,46,0.8,89,6,9,42,807,824,19,18,7,1,0,0,0
1742,1,0.5,1,5,1,43,0.9,176,3,7,356,1407,1921,9,2,3,1,1,0,2
1489,0,2.1,1,0,0,9,0.4,169,3,1,923,1759,1663,9,3,14,1,0,1,1
1077,1,2.5,0,13,1,49,0.6,131,4,14,334,1079,3454,17,11,2,1,0,1,3
1375,0,0.5,1,2,1,35,0.1,194,2,3,227,772,1947,15,13,15,1,1,1,1
1314,1,2.8,1,13,1,5,1.0,87,4,18,82,512,3411,17,16,18,1,0,0,3
1387,0,0.5,0,0,1,61,0.5,98,3,0,785,1151,629,5,3,11,1,1,0,0
1318,0,1.9,1,0,1,11,0.8,188,2,15,688,1591,1780,12,10,2,1,0,0,1
1600,0,0.5,0,1,1,16,0.3,94,4,16,1315,1710,2073,9,5,4,1,1,0,2
1713,1,2.0,0,9,1,5,0.7,199,6,16,108,1963,1513,15,6,2,1,0,1,1
1358,0,1.7,0,0,0,60,0.6,147,3,1,889,1635,440,14,10,13,1,0,0,0
1712,1,0.9,1,2,0,23,1.0,155,7,19,155,663,1422,5,0,15,1,1,0,1
594,1,2.6,0,1,0,27,0.1,196,5,2,407,528,708,17,5,17,0,1,1,0
1589,1,1.4,0,3,1,26,0.1,100,8,16,1673,1759,3970,16,8,18,1,0,1,3
1414,0,0.5,0,0,1,15,0.8,168,2,0,294,1233,1069,18,6,14,1,0,0,0
1082,0,0.8,0,0,0,38,0.1,198,8,5,986,1191,2337,6,1,17,0,1,1,2
730,0,1.5,0,9,0,9,0.7,122,4,15,1371,1677,2787,10,8,7,1,0,1,2
676,0,2.2,0,1,1,39,0.2,84,1,5,864,1011,2064,13,7,6,1,0,0,1
1407,0,1.8,1,5,1,16,0.2,170,4,6,925,1206,1068,6,0,8,1,1,0,1
1335,1,3.0,0,3,0,60,0.8,180,2,4,83,559,3615,5,2,9,1,0,0,3
1075,0,0.5,1,2,0,11,0.2,122,1,16,271,1769,3927,8,3,7,1,0,0,3
1285,0,0.8,1,4,1,11,0.8,199,5,7,1791,1896,3966,17,15,2,1,1,1,3
1559,1,1.6,1,6,1,6,0.5,162,6,17,179,1559,3352,9,1,3,1,1,1,3
618,1,1.0,0,9,1,13,0.1,80,4,15,591,724,1424,15,12,7,1,1,0,0
1090,0,1.3,1,5,0,27,0.1,91,4,16,1638,1910,1352,5,1,11,0,1,0,1
1263,0,0.5,0,12,0,64,0.3,175,5,18,178,1883,1183,14,3,17,0,0,1,1
1815,0,2.8,0,2,0,33,0.6,159,4,17,607,748,1482,18,0,2,1,0,0,1
880,0,1.7,0,2,0,6,0.6,198,4,19,632,660,3006,6,4,3,1,0,0,2
1190,0,2.0,1,0,0,40,0.2,93,5,1,1399,1646,3610,13,7,9,0,0,1,3
1195,1,1.1,1,2,1,8,0.9,80,6,6,327,1001,643,14,2,19,1,0,0,0
1310,1,2.3,1,6,0,57,0.9,135,8,9,449,889,1175,16,0,8,0,0,0,0
1935,0,0.5,0,0,1,29,0.6,124,5,9,806,860,455,9,2,6,1,0,1,0
989,1,0.7,0,13,1,51,0.4,132,3,15,670,804,2349,10,1,20,1,0,1,1
1342,0,1.0,0,0,1,31,0.6,86,7,1,991,1638,2746,15,5,10,1,1,0,3
1504,0,1.5,0,12,1,34,0.7,142,8,15,507,973,2806,7,2,7,1,0,1,2
1656,1,1.6,1,0,0,16,1.0,117,7,2,320,899,2856,14,3,20,1,1,1,2
600,0,0.5,0,0,0,14,0.8,112,5,2,320,747,1655,18,0,9,0,0,0,0
946,1,1.4,0,9,0,26,0.1,186,6,10,273,891,1637,7,3,6,1,0,1,0
1855,0,0.5,0,5,0,32,0.6,187,8,18,267,1161,3933,7,0,7,1,0,1,3
668,0,2.3,0,2,1,48,0.3,114,1,19,195,1292,1201,14,12,4,1,1,0,0
954,1,0.5,0,0,0,50,0.3,134,2,11,228,1058,438,17,0,2,1,0,0,0
1083,1,2.9,1,1,1,39,1.0,173,8,2,523,542,3248,8,6,6,1,0,1,2
713,0,0.9,1,0,0,42,0.1,94,1,14,1048,1123,928,12,10,9,0,0,1,0
672,1,0.6,1,13,0,61,0.1,194,5,20,724,1127,1457,14,10,20,1,0,1,0
1425,0,1.2,0,9,1,35,0.7,127,8,14,150,1897,590,13,2,6,1,1,1,0
1237,0,0.5,0,2,0,27,0.1,87,8,5,274,603,2454,14,0,8,1,1,1,2
871,0,0.6,0,2,0,52,0.1,178,3,3,194,1437,437,14,7,17,1,0,0,0
1898,0,1.8,1,3,1,56,0.2,185,7,4,444,739,2114,10,5,19,1,1,1,2
1864,0,2.2,0,0,1,7,0.1,142,1,2,225,1545,2258,10,1,10,1,0,0,2
1549,1,1.5,1,0,1,27,0.4,113,5,7,632,1162,436,10,8,11,1,0,0,0
936,1,2.3,0,5,1,57,0.2,129,2,6,657,938,2049,12,8,5,1,1,0,1
596,0,2.1,1,9,0,64,0.8,111,8,15,885,1854,3238,16,13,10,0,0,0,3
1368,1,1.6,1,4,0,9,0.1,115,7,7,843,1145,2941,13,12,17,0,1,0,3
1663,1,0.5,0,0,0,40,0.6,147,4,15,951,1545,1336,8,5,15,1,0,0,1
1991,1,1.8,0,11,0,9,0.7,94,3,12,751,1377,1511,17,8,9,0,0,0,1
1884,0,1.0,1,3,0,24,0.5,149,6,4,1168,1179,1396,15,8,9,1,1,1,1
1342,0,2.8,0,1,0,50,0.1,173,1,8,127,620,2644,7,2,11,0,1,1,2
1610,1,2.9,0,7,1,64,0.9,181,4,12,1236,1280,941,8,4,9,1,1,0,1
1174,1,0.9,0,7,0,30,1.0,147,4,20,744,1244,804,17,14,16,0,1,1,0
1551,0,1.1,0,4,0,51,0.1,88,5,6,1738,1995,3844,11,8,4,0,1,0,3
1813,1,0.6,1,0,1,5,0.2,198,3,8,338,1306,759,9,3,14,1,1,0,0
897,1,2.0,0,3,1,2,0.6,154,8,10,0,994,1958,7,5,7,1,1,0,1
543,1,0.5,1,4,1,60,0.7,132,5,7,693,1031,933,14,0,5,1,1,0,0
1406,0,0.5,1,2,1,34,0.8,98,3,5,1017,1366,3915,9,8,2,1,0,1,3
1589,0,2.6,0,9,0,46,0.4,84,3,16,618,940,2373,11,9,20,1,1,0,2
1512,0,0.6,1,1,1,54,0.4,134,3,2,220,1838,3366,7,3,11,1,0,1,3
1283,1,2.4,1,8,1,33,1.0,93,3,15,510,980,773,17,7,2,1,1,0,0
1438,0,2.2,0,0,1,32,0.6,176,7,6,683,1663,869,19,13,9,1,1,1,0
1893,1,2.1,1,8,0,63,0.2,134,2,11,637,763,3822,14,3,18,0,1,1,3
1166,0,1.5,1,0,1,43,0.8,80,4,1,205,603,3993,7,1,7,1,1,0,3
959,1,1.3,1,0,0,36,0.4,196,5,14,1313,1331,3073,19,1,8,1,1,1,3
1776,0,2.2,0,2,0,20,0.9,82,6,16,1563,1803,2671,15,10,12,0,1,1,3
1633,0,1.7,1,3,1,33,0.9,111,2,19,146,906,511,9,0,7,1,1,0,0
1164,1,2.6,1,0,0,61,0.3,88,1,6,1107,1656,3859,11,10,17,0,1,0,3
966,1,0.6,0,9,1,50,0.2,117,4,10,1446,1754,2574,10,1,5,1,0,1,2
1481,1,2.0,1,0,0,35,0.5,105,3,0,249,522,2635,17,16,4,1,0,1,2
